Year,Round,Overall,Team,Player,Nat.,Pos,Age,To,Amateur Team,Amateur Lg.,NHL,GP,G,A,PTS,+/-,PIM
1993,2,46,Vancouver Canucks,Rick Girard,CA,,,,Swift Current,WHL,,,,,,,
1994,2,46,Dallas Stars,Lee Jinman,CA,,,,North Bay,OHL,,,,,,,
1995,2,46,Calgary Flames,Pavel Smirnov,RU,,,,Moscow,KHL,,,,,,,
1996,2,46,Chicago Blackhawks,Geoff Peters,CA,,,,Niagara Falls,OHL,,,,,,,
1997,2,46,New York Rangers,Wes Jarvis,CA,,,,Kitchener,OHL,,,,,,,
1998,2,46,Los Angeles Kings,Justin Papineau\papinju01,CA,C,18,2004,Belleville,OHL,x,81,11,8,19,2,12
1999,2,46,Chicago Blackhawks,Dimitri Levinski,KZ,,,,Cherepovets,KHL,,,,,,,
2000,2,46,Calgary Flames,Jarret Stoll\stollja01,CA,C,18,2016,Kootenay,WHL,x,872,144,244,388,2,618
2001,2,46,Carolina Hurricanes,Mike Zigomanis\zigommi01,CA,C,20,2011,Kingston,OHL,x,197,21,19,40,-21,89
2002,2,46,Phoenix Coyotes,David LeNeveu\lenevda01,CA,G,19,2011,Cornell,ECAC,x,22,0,0,0,0,0
2003,2,46,Columbus Blue Jackets,Dan Fritsche\fritsda01,US,C,18,2009,Sarnia,OHL,x,256,34,42,76,-19,103
2004,2,46,Columbus Blue Jackets,Adam Pineault\pineaad01,US,RW,18,2008,Boston College,H-East,x,3,0,0,0,-2,0
2005,2,46,New York Islanders,Dustin Kohn\kohndu01,CA,D,18,2010,Calgary,WHL,x,22,0,4,4,-2,4
1993,2,47,Montreal Canadiens,Rory Fitzpatrick\fitzpro02,US,D,18,2008,Sudbury,OHL,x,287,10,25,35,-48,201
1994,2,47,Boston Bruins,Daniel Goneau\goneada01,CA,LW,18,2000,Laval,QMJHL,x,53,12,3,15,-10,14
1995,2,47,Boston Bruins,Paxton Schafer\schafpa01,CA,G,19,1997,Medicine Hat,WHL,x,3,0,0,0,0,0
1996,2,47,New Jersey Devils,Pierre Dagenais\dagenpi01,CA,RW,18,2006,Moncton,QMJHL,x,142,35,23,58,0,58
1997,2,47,Florida Panthers,Kristian Huselius\huselkr01,SE,LW,18,2012,Farjestad,Sweden,x,662,190,261,451,-16,256
1998,2,47,Buffalo Sabres,Norm Milley\milleno01,CA,RW,18,2006,Laval,QMJHL,x,29,2,4,6,-4,12
1999,2,47,Tampa Bay Lightning,Sheldon Keefe\keefesh01,CA,RW,18,2003,Barrie,OHL,x,125,12,12,24,-25,78
2000,2,47,Colorado Avalanche,Jared Aulin\aulinja01,CA,C,18,2003,Kamloops,WHL,x,17,2,2,4,-3,0
2001,2,47,Tampa Bay Lightning,Alexander Polushin,RU,C,18,,Tver,Russia-2,,,,,,,
2002,2,47,Ottawa Senators,Alexei Kaigorodov\kaigoal01,SU,C,19,2007,Magnitogorsk,KHL,x,6,0,1,1,1,0
2003,2,47,San Jose Sharks,Matt Carle\carlema01,US,D,18,2017,River City,USHL,x,730,45,238,283,82,251
2004,2,47,New York Islanders,Blake Comeau\comeabl01,CA,RW,18,2020,Kelowna,WHL,x,852,136,183,319,-82,532
2005,2,47,Colorado Avalanche,Tom Fritsche,US,LW,18,,Ohio State,CCHA,,,,,,,
1993,2,48,Detroit Red Wings,Jon Coleman,US,,,,Andover,High-MA,,,,,,,
1994,2,48,Toronto Maple Leafs,Sean Haggerty\haggese01,US,LW,18,2001,Detroit,OHL,x,14,1,2,3,1,4
1995,2,48,Philadelphia Flyers,Shane Kenny,CA,,,,Owen Sound,OHL,,,,,,,
1996,2,48,New York Rangers,Daniel Goneau\goneada01,CA,LW,20,2000,Granby,QMJHL,x,53,12,3,15,-10,14
1997,2,48,Buffalo Sabres,Henrik Tallinder\tallihe01,SE,D,18,2014,AIK Solna,Sweden,x,678,28,114,142,8,378
1998,2,48,Boston Bruins,Jonathan Girard\girarjo01,CA,D,18,2003,Laval,QMJHL,x,150,10,34,44,6,46
1999,2,48,Ottawa Senators,Simon Lajeunesse\lajeusi01,CA,G,18,2002,Moncton,QMJHL,x,1,0,0,0,0,0
2000,2,48,Buffalo Sabres,Gerard Dicaire,YU,D,18,,Seattle,WHL,,,,,,,
2001,2,48,New Jersey Devils,Tuomas Pihlman\pihlmtu01,FI,LW,18,2007,JyP HT Jyvaskyla,Finland,x,15,1,1,2,-1,12
2002,2,48,St. Louis Blues,Alexei Shkotov,RU,RW,18,,Elektrostal Jr.,Russia-3,,,,,,,
2003,2,48,New York Islanders,Dmitri Chernykh,RU,RW,18,,Voskresensk,Russia-2,,,,,,,
2004,2,48,New York Rangers,Dane Byers\byersda01,CA,LW,18,2012,Prince Albert,WHL,x,14,1,0,1,0,60
2005,2,48,Buffalo Sabres,Philip Gogulla,DE,RW,18,,Koln,Germany,,,,,,,
1993,2,49,Quebec Nordiques,Ashley Buckberger,CA,,,,Swift Current,WHL,,,,,,,
1994,2,49,Detroit Red Wings,Mathieu Dandenault\dandema01,CA,D,18,2009,Sherbrooke,QMJHL,x,868,68,135,203,42,516
1995,2,49,St. Louis Blues,Jochen Hecht\hechtjo01,DE,LW,18,2013,Mannheim,Germany,x,833,186,277,463,100,458
1996,2,49,New Jersey Devils,Colin White\whiteco01,CA,D,18,2012,Hull,QMJHL,x,797,21,108,129,74,869
1997,2,49,Detroit Red Wings,Yuri Butsayev\butsayu01,SU,LW,18,2003,Lada Togliatti,KHL,x,99,10,4,14,-13,28
1998,2,49,Washington Capitals,Jomar Cruz,CA,,,,Brandon,WHL,,,,,,,
1999,2,49,Carolina Hurricanes,Brett Lysak\lysakbr01,CA,C,18,2004,Regina,WHL,x,2,0,0,0,0,2
2000,2,49,Chicago Blackhawks,Jonas Nordqvist\nordqjo01,SE,C,18,2007,Leksand,Sweden,x,3,0,2,2,1,2
2001,2,49,Los Angeles Kings,Mike Cammalleri\cammami01,CA,C,19,2018,Michigan,CCHA,x,906,294,348,642,-54,425
2002,2,49,Vancouver Canucks,Kirill Koltsov,RU,D,19,,Avangard Omsk,KHL,,,,,,,
2003,2,49,Nashville Predators,Shea Weber\webersh01,CA,D,18,2020,Kelowna,WHL,x,990,218,352,570,83,681
2004,2,49,St. Louis Blues,Carl Soderberg\soderca01,SE,C,18,2020,Malmo,Sweden,x,552,103,177,280,-20,192
2005,2,49,Atlanta Thrashers,Chad Denny,CA,D,18,,Lewiston,QMJHL,,,,,,,
1993,2,50,Chicago Blackhawks,Eric Manlow\manloer01,CA,C,18,2004,Kitchener,OHL,x,37,2,4,6,0,8
1994,2,50,Pittsburgh Penguins,Richard Park\parkri01,KR,RW,18,2012,Belleville,OHL,x,738,102,139,241,-30,266
1995,2,50,Los Angeles Kings,Pavel Rosa\rosapa01,CS,RW,18,2004,Chemopetrol Litvinov,Russia,x,36,5,13,18,-1,6
1996,2,50,Toronto Maple Leafs,Francis Larivee,CA,,,,Laval,QMJHL,,,,,,,
1997,2,50,Philadelphia Flyers,Pat Kavanagh\kavanpa01,CA,RW,18,2006,Peterborough,OHL,x,14,2,0,2,0,4
1998,2,50,Buffalo Sabres,Jaroslav Kristek\kristja01,CS,RW,18,2003,ZPS Zlin,Czech,x,6,0,0,0,-2,4
1999,2,50,New Jersey Devils,Brett Clouthier,CA,,,,Kingston,OHL,,,,,,,
2000,2,50,Colorado Avalanche,Sergei Soin,RU,,,,Krylja Sovetov,Russia,,,,,,,
2001,2,50,Buffalo Sabres,Chris Thorburn\thorbch01,CA,RW,18,2019,North Bay,OHL,x,801,53,81,134,-40,968
2002,2,50,Los Angeles Kings,Sergei Anshakov,RU,LW,18,,CSKA Moscow,Russia,,,,,,,
2003,2,50,New York Rangers,Ivan Baranka\baraniv01,CS,D,18,2008,Dubnica Jr.,Slovak-Jr.,x,1,0,1,1,1,0
2004,2,50,Phoenix Coyotes,Enver Lisin\lisinen01,SU,RW,18,2010,Saratov,Russia-2,x,135,24,18,42,-37,64
2005,2,50,Los Angeles Kings,Dany Roussin,CA,C,20,,Rimouski,QMJHL,,,,,,,
1993,2,51,Boston Bruins,Matt Alvey,US,,,,Springfield Olympics,,,,,,,,
1994,2,51,New Jersey Devils,Patrik Elias\eliaspa01,CS,LW,18,2016,Kladno,Czech-2,x,1240,408,617,1025,172,549
1995,2,51,Colorado Avalanche,Nic Beaudoin,CA,,,,Detroit,OHL,,,,,,,
1996,2,51,Colorado Avalanche,Yuri Babenko\babenyu01,SU,C,18,2001,Krylja Sovetov,Russia,x,3,0,0,0,0,0
1997,2,51,Calgary Flames,Dmitri Kokorev,RU,,,,Dynamo-2 Moscow,Russia,,,,,,,
1998,2,51,Philadelphia Flyers,Ian Forbes,CA,,,,Guelph,OHL,,,,,,,
1999,2,51,Pittsburgh Penguins,Matt Murley\murlema01,US,LW,19,2008,RPI,ECAC,x,62,2,7,9,-14,38
2000,2,51,Toronto Maple Leafs,Kris Vernarsky\vernakr01,US,C,18,2004,Plymouth,OHL,x,17,1,0,1,-3,2
2001,2,51,Los Angeles Kings,Jaroslav Bednar\bednaja01,CS,RW,24,2004,HIFK Helsinki,Finland,x,102,10,25,35,-1,30
2002,2,51,New Jersey Devils,Anton Kadeykin,RU,D,18,,Elektrostal,Russia-2,,,,,,,
2003,2,51,Edmonton Oilers,Colin McDonald\mcdonco01,US,RW,18,2017,New England,EJHL,x,148,20,26,46,-24,73
2004,2,51,New York Rangers,Bruce Graham,CA,C,18,,Moncton,QMJHL,,,,,,,
2005,2,51,Vancouver Canucks,Mason Raymond\raymoma01,CA,LW,19,2017,Camrose,AJHL,x,546,115,136,251,-2,156
1993,2,52,Pittsburgh Penguins,Domenic Pittis\pittido01,CA,C,18,2004,Lethbridge,WHL,x,86,5,11,16,-8,71
1994,2,52,New York Rangers,Rudolf Vercik,SK,,,,Slovan Bratislava,KHL,,,,,,,
1995,2,52,Detroit Red Wings,Philippe Audet\audetph01,CA,LW,18,1999,Granby,QMJHL,x,4,0,0,0,-2,0
1996,2,52,Detroit Red Wings,Aren Miller,CA,,,,Spokane,WHL,,,,,,,
1997,2,52,Dallas Stars,Roman Lyashenko\lyashro01,SU,C,18,2003,Torpedo Yaroslavl,KHL,x,139,14,9,23,-7,55
1998,2,52,Boston Bruins,Bobby Allen\allenbo01,US,D,19,2008,Boston College,H-East,x,51,0,3,3,-3,12
1999,2,52,Nashville Predators,Adam Hall\hallad01,US,RW,19,2014,Michigan State,CCHA,x,682,69,87,156,-76,282
2000,2,52,Pittsburgh Penguins,Shane Endicott\endicsh01,CA,C,18,2006,Seattle,WHL,x,45,1,2,3,-10,47
2001,2,52,Edmonton Oilers,Ed Caron,US,C,19,,Exeter,High-NH,,,,,,,
2002,2,52,San Jose Sharks,Dan Spang,US,D,19,,Winchester,High-MA,,,,,,,
2003,2,52,Chicago Blackhawks,Corey Crawford\crawfco01,CA,G,18,2020,Moncton,QMJHL,x,488,0,9,9,0,18
2004,2,52,Dallas Stars,Raymond Sawada\sawadra01,CA,RW,19,2011,Nanaimo,BCHL,x,11,1,0,1,-1,0
2005,2,52,Colorado Avalanche,Chris Durand,CA,C,18,,Seattle,WHL,,,,,,,
1997,2,53,Colorado Avalanche,Graham Belak,CA,,,,Edmonton,WHL,,,,,,,
1998,2,53,Colorado Avalanche,Steve Moore\moorest01,CA,C,19,2004,Harvard,ECAC,x,69,5,7,12,-9,41
1999,2,53,Phoenix Coyotes,Brad Ralph\ralphbr01,CA,LW,18,2001,Oshawa,OHL,x,1,0,0,0,0,0
2000,2,53,Phoenix Coyotes,Alexander Tatarinov,RU,,,,Torpedo Yaroslavl 2,Russia-2,,,,,,,
2001,2,53,Columbus Blue Jackets,Kiel McLeod,CA,C,18,,Kelowna,WHL,,,,,,,
2002,2,53,New Jersey Devils,Barry Tallackson\tallaba01,US,RW,19,2009,Minnesota,WCHA,x,20,1,1,2,-4,2
2003,2,53,New York Islanders,Evgeny Tunik,RU,C,18,,Elektrostal,Russia-2,,,,,,,
2004,2,53,Florida Panthers,David Booth\boothda01,US,LW,19,2018,Michigan State,CCHA,x,530,124,112,236,-31,216
2005,2,53,Atlanta Thrashers,Andrew Kozek,CA,LW,19,,South Surrey,BCHL,,,,,,,
1993,3,53,Ottawa Senators,Patrick Charbonneau,CA,,,,Victoriaville,QMJHL,,,,,,,
1994,3,53,Edmonton Oilers,Corey Neilson,CA,,,,North Bay,OHL,,,,,,,
1995,3,53,Ottawa Senators,Brad Larsen\larsebr01,CA,LW,18,2008,Swift Current,WHL,x,294,19,29,48,-23,134
1996,3,53,Boston Bruins,Eric Naud,CA,,,,St. Hyacinthe,QMJHL,,,,,,,
1998,2,54,Pittsburgh Penguins,Alexander Zevakhin,RU,,,,CSKA Moscow,Russia,,,,,,,
1999,2,54,Nashville Predators,Andrew Hutchinson\hutchan01,US,D,19,2011,Michigan State,CCHA,x,140,12,27,39,-13,70
2000,2,54,Los Angeles Kings,Andreas Lilja\liljaan01,SE,D,25,2013,Malmo,Sweden,x,580,16,71,87,32,563
2001,2,54,Pittsburgh Penguins,Noah Welch\welchno01,US,D,19,2011,St. Sebastian's,High-MA,x,75,4,5,9,-5,58
2002,2,54,Chicago Blackhawks,Duncan Keith\keithdu01,CA,D,19,2020,Michigan State,CCHA,x,1138,101,509,610,157,623
2003,2,54,Dallas Stars,B.J. Crombeen\crombbj01,US,RW,18,2015,Barrie,OHL,x,445,34,46,80,-37,850
2004,2,54,Chicago Blackhawks,Jakub Sindel,CZ,C,18,,Sparta Praha,Czech,,,,,,,
2005,2,54,Chicago Blackhawks,Dan Bertram,CA,RW,18,,Boston College,H-East,,,,,,,
1993,3,54,Chicago Blackhawks,Bogdan Savenko,UA,,,,Kiev,Russia,,,,,,,
1994,3,54,Montreal Canadiens,Chris Murray\murrach01,CA,RW,19,2000,Kamloops,WHL,x,242,16,18,34,-8,550
1995,3,54,Toronto Maple Leafs,Ryan Pepperall,CA,,,,Kitchener,OHL,,,,,,,
1996,3,54,Buffalo Sabres,Francois Methot,CA,,,,St. Hyacinthe,QMJHL,,,,,,,
1997,3,54,Boston Bruins,Mattias Karlin,SE,,,,MoDo Ornskoldsvik,Sweden,,,,,,,
1998,2,55,Detroit Red Wings,Ryan Barnes\barnery01,CA,LW,18,2004,Sudbury,OHL,x,2,0,0,0,0,0
1999,2,55,Buffalo Sabres,Doug Janik\janikdo01,US,D,19,2012,U. of Maine,H-East,x,190,3,16,19,-19,154
2000,2,55,Ottawa Senators,Antoine Vermette\vermean01,CA,C,18,2018,Victoriaville,QMJHL,x,1046,228,287,515,-49,622
2001,2,55,Buffalo Sabres,Jason Pominville\pominja01,CA,RW,18,2019,Shawinigan,QMJHL,x,1060,293,434,727,44,199
2002,2,55,Vancouver Canucks,Denis Grot,BY,D,18,,Elektrostal,Russia-2,,,,,,,
2003,2,55,Florida Panthers,Stefan Meyer\meyerst01,CA,LW,18,2011,Medicine Hat,WHL,x,20,0,2,2,-1,17
2004,2,55,Colorado Avalanche,Victor Oreskovich\oreskvi01,CA,RW,18,2012,Green Bay,USHL,x,67,2,7,9,-7,41
2005,2,55,Columbus Blue Jackets,Adam McQuaid\mcquaad01,CA,D,18,2019,Sudbury,OHL,x,512,16,57,73,62,694
1993,3,55,Tampa Bay Lightning,Allan Egeland\egelaal01,CA,C,20,1998,Tacoma,WHL,x,17,0,0,0,-3,16
1994,3,55,Tampa Bay Lightning,Vadim Epanchintsev,RU,,,,Spartak Moscow,KHL,,,,,,,
1995,3,55,Anaheim Ducks,Mike Leclerc\leclemi01,CA,LW,18,2006,Brandon,WHL,x,341,64,94,158,-43,288
1996,3,55,San Jose Sharks,Terry Friesen,CA,,,,Swift Current,WHL,,,,,,,
1997,3,55,Colorado Avalanche,Rick Berry\berryri01,CA,D,18,2004,Seattle,WHL,x,197,2,13,15,-6,314
1998,2,56,Detroit Red Wings,Tomek Valtonen,PL,,,,Ilves Tampere Jr.,Finland-Jr.,,,,,,,
1999,2,56,Boston Bruins,Matt Zultek,CA,,,,Ottawa,OHL,,,,,,,
2000,2,56,New Jersey Devils,Alexander Suglobov\sugloal01,SU,RW,18,2007,Torpedo Yaroslavl 2,Russia-2,x,18,1,0,1,-9,4
2001,2,56,Calgary Flames,Andrei Medvedev,RU,G,18,,Spartak Moscow,KHL,,,,,,,
2002,2,56,Boston Bruins,Vladislav Yevseyev,RU,LW,18,,CSKA Moscow,Russia,,,,,,,
2003,2,56,Minnesota Wild,Patrick O'Sullivan\osullpa01,CA,C,18,2012,Mississauga,OHL,x,334,58,103,161,-61,116
2004,2,56,Dallas Stars,Nicklas Grossmann\grossni01,SE,D,19,2017,Sodertalje Jr.,Sweden-Jr.,x,592,13,73,86,4,314
2005,2,56,New York Rangers,Marc-Andre Cliche\clichma01,CA,C,18,2015,Lewiston,QMJHL,x,151,3,11,14,-12,34
1993,3,56,Anaheim Ducks,Valeri Karpov\karpova01,SU,RW,22,1997,Traktor Chelyabinsk,KHL,x,76,14,15,29,-7,32
1994,3,56,Winnipeg Jets,Dorian Anneck,CA,,,,Victoria,WHL,,,,,,,
1995,3,56,Tampa Bay Lightning,Shane Willis\willish01,CA,RW,18,2004,Prince Albert,WHL,x,174,31,43,74,-16,77
1996,3,56,New York Islanders,Zdeno Chara\charazd01,CS,D,19,2020,Dukla Trencin,Slovakia,x,1553,205,451,656,288,1956
1997,3,56,Florida Panthers,Vratislav Cech,CZ,,,,Kitchener,OHL,,,,,,,
1998,2,57,Dallas Stars,Tyler Bouck\bouckty01,CA,C,18,2007,Prince George,WHL,x,91,4,8,12,-9,93
1999,2,57,Pittsburgh Penguins,Jeremy Van Hoof,CA,D,18,,Ottawa,OHL,,,,,,,
2000,2,57,New Jersey Devils,Matt DeMarchi,US,,,,Minnesota,WCHA,,,,,,,
2001,2,57,St. Louis Blues,Jay McClement\mccleja01,CA,C,18,2017,Brampton,OHL,x,906,90,154,244,-116,325
2002,2,57,Toronto Maple Leafs,Matt Stajan\stajama01,CA,C,18,2018,Belleville,OHL,x,1003,146,267,413,-3,526
2003,2,57,Toronto Maple Leafs,John Doherty,US,D,19,,Andover,High-MA,,,,,,,
2004,2,57,Edmonton Oilers,Geoff Paukovich,US,LW,18,,U.S. National U-18,USNTDP,,,,,,,
2005,2,57,Minnesota Wild,Matt Kassian\kassima01,CA,LW,18,2014,Kamloops,WHL,x,76,4,1,5,-4,177
1993,3,57,Florida Panthers,Chris Armstrong\armstch01,CA,D,18,2004,Moose Jaw,WHL,x,7,0,1,1,-4,0
1994,3,57,Pittsburgh Penguins,Sven Butenschon\butensv01,DE,D,18,2006,Brandon,WHL,x,140,2,12,14,-10,86
1995,3,57,Edmonton Oilers,Lukas Zib,CZ,,,,Ceske Budejovice,Czech-2,,,,,,,
1996,3,57,Los Angeles Kings,Greg Phillips,CA,,,,Saskatoon,WHL,,,,,,,
1997,3,57,Toronto Maple Leafs,Jeff Farkas\farkaje01,US,RW,19,2003,Boston College,H-East,x,11,0,2,2,-1,6
1998,2,58,Ottawa Senators,Chris Bala\balach01,US,LW,19,2002,Harvard,ECAC,x,6,0,1,1,1,0
1999,2,58,Montreal Canadiens,Matt Carkner\carknma01,CA,D,18,2014,Peterborough,OHL,x,237,4,23,27,-12,556
2000,2,58,Florida Panthers,Vladimir Sapozhnikov,RU,,,,Novokuznetsk,KHL,,,,,,,
2001,2,58,Washington Capitals,Nathan Paetsch\paetsna01,CA,D,18,2010,Moose Jaw,WHL,x,167,7,35,42,12,114
2002,2,58,Detroit Red Wings,Jiri Hudler\hudleji01,CS,RW,18,2017,Vsetin,Czech,x,708,164,264,428,40,243
2003,2,58,New York Islanders,Jeremy Colliton\collije01,CA,C,18,2011,Prince Albert,WHL,x,57,3,3,6,-12,26
2004,2,58,Ottawa Senators,Kirill Lyamin,RU,D,18,,CSKA Moscow,Russia,,,,,,,
2005,2,58,Carolina Hurricanes,Nate Hagemo,US,D,18,,Minnesota,WCHA,,,,,,,
1993,3,58,San Jose Sharks,Ville Peltonen\peltovi01,FI,LW,20,2009,HIFK Helsinki,Finland,x,382,52,96,148,-11,119
1994,3,58,Winnipeg Jets,Tavis Hansen\hanseta01,CA,RW,19,2001,Tacoma,WHL,x,34,2,1,3,-5,16
1995,3,58,Detroit Red Wings,Darryl Laplante\laplada01,CA,C,18,2000,Moose Jaw,WHL,x,35,0,6,6,-2,10
1996,3,58,Washington Capitals,Sergei Zimakov,RU,,,,Krylja Sovetov,Russia,,,,,,,
1997,3,58,Ottawa Senators,Jani Hurme\hurmeja01,FI,G,22,2003,TPS Turku,Finland,x,76,0,0,0,0,19
1999,2,59,New York Rangers,David Inman,US,,,,Notre Dame,CCHA,,,,,,,
2000,2,59,Boston Bruins,Ivan Huml\humliv01,CS,LW,19,2004,Langley,BCHL,x,49,6,12,18,2,36
2001,2,59,Chicago Blackhawks,Matt Keith\keithma01,CA,RW,18,2008,Spokane,WHL,x,27,2,3,5,-8,14
2002,2,59,Washington Capitals,Maxime Daigneault,CA,G,18,,Val d'Or,QMJHL,,,,,,,
2003,2,59,Chicago Blackhawks,Michal Barinka\barinmi01,CS,D,19,2006,Ceske Budejovice,Czech-2,x,34,0,2,2,-12,26
2004,2,59,Columbus Blue Jackets,Kyle Wharton,CA,D,18,,Ottawa,OHL,,,,,,,
2005,2,59,Phoenix Coyotes,Pier-Olivier Pelletier,CA,G,18,,Drummondville,QMJHL,,,,,,,
1993,3,59,Edmonton Oilers,Kevin Paden,US,,,,Detroit,OHL,,,,,,,
1994,3,59,Los Angeles Kings,Vitali Yachmenev\yachmvi01,SU,LW,19,2003,North Bay,OHL,x,487,83,133,216,-30,88
1995,3,59,Los Angeles Kings,Vladimir Tsyplakov\tsyplvl01,SU,LW,26,2001,Fort Wayne,IHL,x,331,69,101,170,42,90
1996,3,59,Edmonton Oilers,Tom Poti\potito01,US,D,19,2013,Cushing Academy,High-MA,x,824,69,258,327,44,586
1997,3,59,New York Islanders,Jarrett Smith,CA,,,,Prince George,WHL,,,,,,,
1998,3,59,Washington Capitals,Todd Hornung,CA,,,,Portland,WHL,,,,,,,
1999,2,60,Toronto Maple Leafs,Peter Reynolds,CA,D,18,,London,OHL,,,,,,,
2000,2,60,Dallas Stars,Dan Ellis\ellisda01,CA,G,20,2015,Omaha,USHL,x,212,0,6,6,0,6
2001,2,60,New Jersey Devils,Victor Uchevatov,RU,D,18,,Lokomotiv Yaroslavl 2,Russia-3,,,,,,,
2002,2,60,Tampa Bay Lightning,Adam Henrich,CA,LW,18,,Brampton,OHL,,,,,,,
2003,2,60,Vancouver Canucks,Marc-Andre Bernier,CA,RW,18,,Halifax,QMJHL,,,,,,,
2004,2,60,New York Rangers,Brandon Dubinsky\dubinbr01,US,C,18,2019,Portland,WHL,x,823,153,285,438,24,905
2005,2,60,Los Angeles Kings,T.J. Fast,CA,D,18,,Camrose,AJHL,,,,,,,
1993,3,60,Edmonton Oilers,Alexander Kerch\kerchal01,SU,LW,26,1994,Pardaugava Riga,KHL,x,5,0,0,0,-8,2
1994,3,60,Edmonton Oilers,Brad Symes,CA,,,,Portland,WHL,,,,,,,
1995,3,60,Montreal Canadiens,Miloslav Guren\gurenmi01,CS,D,18,2000,ZPS Zlin,Czech,x,36,1,3,4,-6,16
1996,3,60,Florida Panthers,Chris Allen\allench01,CA,D,18,1999,Kingston,OHL,x,2,0,0,0,1,2
1997,3,60,Calgary Flames,Derek Schutz,CA,,,,Spokane,WHL,,,,,,,
1998,3,60,Nashville Predators,Denis Arkhipov\arkhide01,SU,C,19,2007,Ak Bars Kazan,Russia,x,352,56,82,138,-51,128
1999,2,61,Nashville Predators,Ed Hill,US,,,,Barrie,OHL,,,,,,,
2000,2,61,Washington Capitals,Jakub Cutta\cuttaja01,CS,D,18,2004,Swift Current,WHL,x,8,0,0,0,-5,0
2001,2,61,Tampa Bay Lightning,Andreas Holmqvist,SE,D,20,,Hammarby,Sweden-2,,,,,,,
2002,2,61,Colorado Avalanche,Johnny Boychuk\boychjo01,CA,D,18,2020,Calgary,WHL,x,725,54,152,206,123,331
2003,2,61,Montreal Canadiens,Maxim Lapierre\lapiema01,CA,C,18,2015,Montreal,QMJHL,x,614,65,74,139,-49,586
2004,2,61,Pittsburgh Penguins,Alex Goligoski\goligal01,US,D,19,2020,Sioux Falls,USHL,x,868,80,327,407,29,294
2005,2,61,Pittsburgh Penguins,Michael Gergen,US,LW,18,,Shattuck-St. Mary's,High-MN,,,,,,,
1993,3,61,New York Rangers,Maxim Galanov\galanma01,SU,D,19,2001,Lada Togliatti,KHL,x,122,8,12,20,-24,44
1994,3,61,Quebec Nordiques,Sebastien Bety,CA,,,,Drummondville,QMJHL,,,,,,,
1995,3,61,Vancouver Canucks,Larry Courville\courvla01,CA,LW,20,1998,Oshawa,OHL,x,33,1,2,3,-10,16
1996,3,61,Hartford Whalers,Andrei Petrunin,RU,,,,CSKA Moscow,Russia,,,,,,,
1997,3,61,Tampa Bay Lightning,Matt Elich\elichma01,US,RW,17,2001,Windsor,OHL,x,16,1,1,2,-6,0
1998,3,61,Florida Panthers,Joe DiPenta\dipenjo01,CA,D,19,2008,Boston University,H-East,x,174,6,17,23,15,110
1999,2,62,Ottawa Senators,Teemu Sainomaa,FI,,,,Jokerit Helsinki Jr.,Finland-Jr.,,,,,,,
2000,2,62,New Jersey Devils,Paul Martin\martipa01,US,D,19,2018,Elk River,High-MN,x,870,50,270,320,126,238
2001,2,62,Detroit Red Wings,Igor Grigorenko,RU,RW,18,,CSK VVS Samara,Russia-3,,,,,,,
2002,2,62,St. Louis Blues,Andrei Mikhnov,UA,C,18,,Sudbury,OHL,,,,,,,
2003,2,62,St. Louis Blues,David Backes\backeda01,US,C,19,2020,Lincoln,USHL,x,950,245,312,557,68,1144
2004,2,62,Washington Capitals,Mikhail Yunkov,RU,C,18,,Krylja Sovetov,Russia,,,,,,,
1993,3,62,Pittsburgh Penguins,Dave Roche\rocheda02,CA,LW,18,2002,Peterborough,OHL,x,171,15,15,30,-20,334
1994,3,62,Philadelphia Flyers,Artem Anisimov,RU,,,,Itil Kazan,,,,,,,,
1995,3,62,Florida Panthers,Mike O'Grady,CA,,,,Lethbridge,WHL,,,,,,,
1996,3,62,Phoenix Coyotes,Per-Anton Lundstrom,SE,,,,MoDo Ornskoldsvik,Sweden,,,,,,,
1997,3,62,Philadelphia Flyers,Kris Mallette,CA,,,,Kelowna,WHL,,,,,,,
1998,3,62,Calgary Flames,Paul Manning\mannipa01,CA,D,19,2003,Colorado College,WCHA,x,8,0,0,0,0,2
2005,3,62,Pittsburgh Penguins,Kris Letang\letankr01,CA,D,18,2020,Val d'Or,QMJHL,x,808,127,410,537,61,580
1999,2,63,Chicago Blackhawks,Stepan Mokhov,KZ,,,,Cherepovets,KHL,,,,,,,
2000,2,63,Colorado Avalanche,Agris Saviels,LV,,,,Owen Sound,OHL,,,,,,,
2001,2,63,Colorado Avalanche,Peter Budaj\budajpe01,CS,G,18,2019,St. Michael's,OJHL,x,368,0,11,11,0,20
2002,2,63,Detroit Red Wings,Tomas Fleischmann\fleisto01,CS,LW,18,2016,Vitkovice Jr.,Czech-Jr.,x,657,137,198,335,-43,200
2003,2,63,Colorado Avalanche,David Liffiton\liffida01,CA,D,18,2011,Plymouth,OHL,x,7,1,0,1,4,26
2004,2,63,Boston Bruins,David Krejci\krejcda01,CS,C,18,2020,Poldi Kladno Jr.,Czech-Jr.,x,911,207,479,686,127,323
1993,3,63,St. Louis Blues,Jamie Rivers\riverja01,CA,D,18,2007,Sudbury,OHL,x,454,17,49,66,4,385
1994,3,63,New York Islanders,Jason Strudwick\strudja01,CA,D,19,2011,Kamloops,WHL,x,674,13,42,55,-82,811
1995,3,63,Dallas Stars,Petr Buzek\buzekpe01,CS,D,18,2003,Dukla Jihlava,Czech-2,x,157,9,22,31,-25,94
1996,3,63,New Jersey Devils,Scott Parker\parkesc01,US,RW,18,2008,Kelowna,WHL,x,308,7,14,21,4,699
1997,3,63,Boston Bruins,Lee Goren\gorenle01,CA,RW,19,2007,North Dakota,WCHA,x,67,5,4,9,-16,44
1998,3,63,Florida Panthers,Lance Ward\wardla01,CA,D,20,2004,Red Deer,WHL,x,209,4,12,16,-30,391
2005,3,63,Anaheim Ducks,Jason Bailey,CA,RW,18,,U.S. National U-18,USNTDP,,,,,,,
1999,2,64,Buffalo Sabres,Mike Zigomanis\zigommi01,CA,C,18,2011,Kingston,OHL,x,197,21,19,40,-21,89
2000,2,64,New York Rangers,Filip Novak\novakfi01,CS,D,18,2007,Regina,WHL,x,17,0,0,0,-1,6
2003,2,64,Detroit Red Wings,Jimmy Howard\howarja02,US,G,19,2020,U. of Maine,H-East,x,543,0,9,9,0,36
2004,2,64,Boston Bruins,Martins Karsums\karsuma01,SU,RW,18,2009,Moncton,QMJHL,x,24,1,5,6,-8,6
1993,3,64,Buffalo Sabres,Ethan Philpott,US,,,,Andover,High-MA,,,,,,,
1994,3,64,Toronto Maple Leafs,Fredrik Modin\modinfr01,SE,LW,19,2011,Yepandhin Dev Timra,Sweden-3,x,898,232,230,462,-11,453
1995,3,64,San Jose Sharks,Marko Makinen,FI,,,,TPS Turku,Finland,,,,,,,
1996,3,64,Philadelphia Flyers,Chester Gallant,CA,,,,Niagara Falls,OHL,,,,,,,
1997,3,64,Vancouver Canucks,Kyle Freadrich\freadky01,CA,LW,18,2001,Regina,WHL,x,23,0,1,1,-2,75
1998,3,64,Tampa Bay Lightning,Brad Richards\richabr01,CA,C,18,2016,Rimouski,QMJHL,x,1126,298,634,932,-66,251
2001,3,64,Florida Panthers,Tomas Malec\malecto01,CS,D,19,2007,Rimouski,QMJHL,x,46,0,2,2,-2,47
2002,3,64,New Jersey Devils,Jason Ryznar\ryznaja01,US,LW,19,2006,Michigan,CCHA,x,8,0,0,0,-1,2
2005,3,64,Carolina Hurricanes,Joe Barnes,CA,C,19,,Saskatoon,WHL,,,,,,,
1999,2,65,Nashville Predators,Jan Lasak\lasakja01,CS,G,20,2003,Zvolen,Slovakia,x,6,0,0,0,0,2
2000,2,65,St. Louis Blues,Dave Morisset\morisda02,CA,RW,19,2002,Seattle,WHL,x,4,0,0,0,-7,5
2003,2,65,Buffalo Sabres,Branislav Fabry,SK,LW,18,,Bratislava Jr.,,,,,,,,
2004,2,65,Tampa Bay Lightning,Mark Tobin,CA,LW,18,,Rimouski,QMJHL,,,,,,,
1993,3,65,New Jersey Devils,Krzysztof Oliwa\oliwakr01,PL,LW,20,2006,Welland Jr. B,GOJHL,x,410,17,28,45,-17,1447
1994,3,65,Vancouver Canucks,Chad Allan,CA,,,,Saskatoon,WHL,,,,,,,
1995,3,65,New York Rangers,Mike Martin,CA,,,,Windsor,OHL,,,,,,,
1996,3,65,Florida Panthers,Oleg Kvasha\kvashol01,SU,LW,18,2006,CSKA Moscow,Russia,x,493,81,136,217,0,335
1997,3,65,Montreal Canadiens,Ilkka Mikkola,FI,,,,Karpat Oulu,Finland,,,,,,,
1998,3,65,San Jose Sharks,Eric Laplante,CA,,,,Halifax,QMJHL,,,,,,,
2001,3,65,Toronto Maple Leafs,Brendan Bell\bellbr02,CA,D,18,2012,Ottawa,OHL,x,102,7,21,28,-19,51
2002,3,65,Columbus Blue Jackets,Ole-Kristian Tollefsen\tolleol01,NO,D,18,2010,Lillehammer,Norway,x,163,4,8,12,-6,296
2005,3,65,Minnesota Wild,Kristofer Westblom,CA,G,18,,Kelowna,WHL,,,,,,,
1999,2,66,Dallas Stars,Dan Jancevski\janceda01,CA,D,18,2009,London,OHL,x,9,0,0,0,0,2
2003,2,66,Boston Bruins,Masi Marjamaki\marjama01,FI,RW,18,2006,Red Deer,WHL,x,1,0,0,0,0,0
1993,3,66,New York Islanders,Vladimir Chebaturkin\chebavl01,SU,D,18,2002,Kristall Elektrostal,Russia,x,62,2,7,9,7,52
1994,3,66,San Jose Sharks,Alexei Yegorov\yegoral01,SU,RW,19,1997,SKA St. Petersburg,KHL,x,11,3,3,6,-4,2
1995,3,66,Vancouver Canucks,Peter Schaefer\schaepe01,CA,LW,18,2011,Brandon,WHL,x,572,99,162,261,60,200
1996,3,66,Toronto Maple Leafs,Mike Lankshear,CA,,,,Guelph,OHL,,,,,,,
1997,3,66,Ottawa Senators,Josh Langfeld\langfjo01,US,RW,20,2008,Lincoln,USHL,x,143,9,23,32,8,60
1998,3,66,New York Rangers,Jason LaBarbera\labarja01,CA,G,18,2015,Portland,WHL,x,187,0,2,2,0,10
2000,3,66,Boston Bruins,Tuukka Makela,FI,,,,HIFK Helsinki,Finland,,,,,,,
2001,3,66,Vancouver Canucks,Fedor Fedorov\fedorfe01,SU,C,20,2006,Sudbury,OHL,x,18,0,2,2,0,14
2002,3,66,Los Angeles Kings,Petr Kanko\kankope01,CS,RW,18,2006,Kitchener,OHL,x,10,1,0,1,1,0
2004,3,66,Washington Capitals,Sami Lepisto\lepissa01,FI,D,19,2012,Jokerit Helsinki,KHL,x,176,6,29,35,23,137
2005,3,66,New York Rangers,Brodie Dupont\duponbr01,CA,C,18,2011,Calgary,WHL,x,1,0,0,0,0,0
2003,2,67,Ottawa Senators,Igor Mirnov,RU,LW,18,,Dynamo Moscow,Russia,,,,,,,
1993,3,67,Florida Panthers,Mikael Tjallden,SE,,,,MoDo Ornskoldsvik,Sweden,,,,,,,
1994,3,67,Anaheim Ducks,Craig Reichert\reichcr01,CA,RW,20,1997,Red Deer,WHL,x,3,0,0,0,-2,0
1995,3,67,Winnipeg Jets,Brad Isbister\isbisbr01,CA,LW,18,2008,Portland,WHL,x,541,106,116,222,-43,615
1996,3,67,St. Louis Blues,Gordie Dwyer\dwyergo01,CA,LW,18,2004,Beauport,QMJHL,x,108,0,5,5,-20,394
1997,3,67,Chicago Blackhawks,Mike Souza,US,,,,New Hampshire,H-East,,,,,,,
1998,3,67,Edmonton Oilers,Alex Henry\henryal01,CA,D,18,2009,London,OHL,x,177,2,9,11,-7,269
1999,3,67,Tampa Bay Lightning,Evgeny Konstantinov\konstev01,SU,G,18,2003,Ak Bars Kazan 2,Russia-2,x,2,0,0,0,0,2
2000,3,67,New Jersey Devils,Max Birbraer,KZ,,,,Newmarket,OHL,,,,,,,
2001,3,67,New Jersey Devils,Robin Leblanc,CH,RW,18,,Baie-Comeau,QMJHL,,,,,,,
2002,3,67,Florida Panthers,Gregory Campbell\campbgr01,CA,LW,18,2016,Plymouth,OHL,x,803,71,116,187,-33,696
2004,3,67,Pittsburgh Penguins,Nick Johnson\johnsni01,CA,RW,18,2014,St. Albert,AJHL,x,113,14,23,37,-8,52
2005,3,67,Columbus Blue Jackets,Kris Russell\russekr01,CA,D,18,2020,Medicine Hat,WHL,x,846,46,190,236,-5,259
2003,2,68,Edmonton Oilers,Jean-Francois Jacques\jacquje01,CA,LW,18,2012,Baie-Comeau,QMJHL,x,166,9,8,17,-36,197
1993,3,68,Los Angeles Kings,Jeff Mitchell\mitchje01,US,C,18,1998,Detroit,OHL,x,7,0,0,0,0,7
1994,3,68,St. Louis Blues,Stephane Roy,CA,,,,Val d'Or,QMJHL,,,,,,,
1995,3,68,Buffalo Sabres,Mathieu Sunderland,CA,,,,Drummondville,QMJHL,,,,,,,
1996,3,68,Toronto Maple Leafs,Konstantin Kalmikov,UA,,,,Detroit,OHL,,,,,,,
1997,3,68,Edmonton Oilers,Sergei Yerkovich,RU,,,,Las Vegas,IHL,,,,,,,
1998,3,68,Vancouver Canucks,Jarkko Ruutu\ruutuja01,FI,RW,23,2011,HIFK Helsinki,Finland,x,652,58,84,142,-21,1078
1999,3,68,Atlanta Thrashers,Zdenek Blatny\blatnzd01,CS,LW,18,2006,Seattle,WHL,x,25,3,0,3,-3,8
2000,3,68,Dallas Stars,Joel Lundqvist\lundqjo01,SE,C,18,2009,Vastra Frolunda,Sweden,x,134,7,19,26,-17,56
2001,3,68,Florida Panthers,Grant McNeill\mcneigr01,CA,D,18,2004,Prince Albert,WHL,x,3,0,0,0,0,5
2002,3,68,Vancouver Canucks,Brett Skinner\skinnbr01,CA,D,19,2009,Des Moines,USHL,x,11,0,0,0,3,4
2004,3,68,Chicago Blackhawks,Adam Berti\bertiad01,CA,LW,18,2008,Oshawa,OHL,x,2,0,0,0,0,0
2005,3,68,Chicago Blackhawks,Evan Brophey\brophev01,CA,C,18,2012,Belleville,OHL,x,4,0,0,0,0,0
1993,3,69,Washington Capitals,Patrick Boileau\boilepa01,CA,D,18,2004,Laval,QMJHL,x,48,5,11,16,-13,26
1994,3,69,Buffalo Sabres,Rumun Ndur\ndurru01,NG,D,19,2000,Guelph,OHL,x,69,2,3,5,-18,137
1995,3,69,Dallas Stars,Sergey Gusev\gusevse01,SU,D,20,2001,CSK VVS Samara,Russia-3,x,89,4,10,14,-20,34
1996,3,69,Tampa Bay Lightning,Curtis Tipler,CA,,,,Regina,WHL,,,,,,,
1997,3,69,Buffalo Sabres,Maxim Afinogenov\afinoma01,SU,RW,18,2010,Dynamo Moscow,Russia,x,651,158,237,395,-43,486
1998,3,69,Toronto Maple Leafs,Jamie Hodson,CA,,,,Brandon,WHL,,,,,,,
1999,3,69,Vancouver Canucks,Rene Vydareny,SK,,,,Bratislava Jr.,,,,,,,,
2000,3,69,Columbus Blue Jackets,Ben Knopp,CA,,,,Moose Jaw,WHL,,,,,,,
2001,3,69,Anaheim Ducks,Joel Stepp,CA,C,18,,Red Deer,WHL,,,,,,,
2002,3,69,Pittsburgh Penguins,Erik Christensen\chriser01,CA,C,18,2012,Kamloops,WHL,x,387,68,95,163,-24,162
2003,3,69,Philadelphia Flyers,Colin Fraser\fraseco01,CA,C,18,2015,Red Deer,WHL,x,359,20,38,58,-7,290
2004,3,69,Carolina Hurricanes,Casey Borer\borerca01,US,D,19,2010,St. Cloud State,WCHA,x,16,1,2,3,-4,9
2005,3,69,Calgary Flames,Gord Baldwin,CA,D,18,,Medicine Hat,WHL,,,,,,,
1993,3,70,Calgary Flames,Dan Tompkins,US,,,,Minnetonka,,,,,,,,
1994,3,70,Montreal Canadiens,Marko Kiprusoff\kipruma01,FI,D,22,2002,TPS Turku,Finland,x,51,0,10,10,-3,12
1995,3,70,New Jersey Devils,Sergei Vyshedkevich\vyshese01,SU,D,20,2001,Dynamo Moscow,Russia,x,30,2,5,7,-10,16
1996,3,70,Dallas Stars,Jon Sim\simjo01,CA,LW,18,2011,Sarnia,OHL,x,469,75,64,139,-43,314
1997,3,70,Calgary Flames,Erik Andersson\anderer01,SE,C,26,1998,Denver,WCHA,x,12,2,1,3,-4,8
1998,3,70,Carolina Hurricanes,Kevin Holdridge,US,,,,Plymouth,OHL,,,,,,,
1999,3,70,Florida Panthers,Niklas Hagman\hagmani01,FI,LW,19,2012,HIFK Helsinki,Finland,x,770,147,154,301,-40,220
2000,3,70,Toronto Maple Leafs,Mikael Tellqvist\tellqmi01,SE,G,20,2009,Djurgarden,Sweden,x,113,0,2,2,0,2
2001,3,70,Dallas Stars,Yared Hagos,SE,C,18,,AIK Solna,Sweden,,,,,,,
2002,3,70,Phoenix Coyotes,Joe Callahan\callajo02,US,D,19,2011,Yale,ECAC,x,46,0,4,4,5,16
2003,3,70,Pittsburgh Penguins,Jonathan Filewich\filewjo01,CA,RW,18,2008,Prince George,WHL,x,5,0,0,0,-2,0
2004,3,70,Calgary Flames,Brandon Prust\prustbr01,CA,LW,20,2016,London,OHL,x,486,40,75,115,16,1036
2005,3,70,Ottawa Senators,Vitali Anikeyenko,RU,D,18,,Lokomotiv Yaroslavl 2,Russia-3,,,,,,,
1993,3,71,Philadelphia Flyers,Vinny Prospal\prospva01,CS,C,18,2013,Ceske Budejovice,Czech-2,x,1108,255,510,765,-57,581
1994,3,71,New Jersey Devils,Sheldon Souray\sourash01,CA,D,18,2013,Tri-City,WHL,x,758,109,191,300,-22,1145
1995,3,71,Chicago Blackhawks,Kevin McKay,CA,,,,Moose Jaw,WHL,,,,,,,
1996,3,71,Montreal Canadiens,Arron Asham\ashamar01,CA,RW,18,2014,Red Deer,WHL,x,789,94,114,208,-42,1004
1997,3,71,Pittsburgh Penguins,Josef Melichar\melicjo01,CS,D,18,2009,Ceske Budejovice,Czech-2,x,349,7,42,49,-26,300
1998,3,71,Carolina Hurricanes,Erik Cole\coleer01,US,LW,19,2015,Clarkson,ECAC,x,892,265,267,532,-7,659
1999,3,71,Phoenix Coyotes,Jason Jaspers\jaspeja01,CA,C,18,2004,Sudbury,OHL,x,9,0,1,1,-3,6
2000,3,71,Vancouver Canucks,Thatcher Bell,CA,,,,Rimouski,QMJHL,,,,,,,
2001,3,71,Montreal Canadiens,Tomas Plekanec\plekato01,CS,C,18,2019,Poldi Kladno,Czech,x,1001,233,375,608,55,543
2002,3,71,Anaheim Ducks,Brian Lee,US,,,,Erie,OHL,,,,,,,
2003,3,71,Columbus Blue Jackets,Dmitry Kosmachev,RU,D,18,,CSKA Moscow,Russia,,,,,,,
2004,3,71,Buffalo Sabres,Andrej Sekera\sekeran01,CS,D,18,2020,Dukla Trencin Jr.,Slovak-Jr.,x,764,47,197,244,3,192
2005,3,71,Dallas Stars,Rich Clune\cluneri01,CA,LW,18,2016,Sarnia,OHL,x,139,7,15,22,-2,327
1993,3,72,Hartford Whalers,Marek Malik\malikma01,CS,D,18,2009,TJ Vitkovice,Czech,x,691,33,135,168,133,620
1994,3,72,Quebec Nordiques,Chris Drury\drurych01,US,C,18,2011,Fairfield Prep,High-CT,x,892,255,360,615,-6,468
1995,3,72,Calgary Flames,Rocky Thompson\thompro01,CA,D,18,2002,Medicine Hat,WHL,x,25,0,0,0,0,117
1996,3,72,Pittsburgh Penguins,Boyd Kane\kanebo01,CA,LW,18,2010,Regina,WHL,x,31,0,3,3,-8,39
1997,3,72,Anaheim Ducks,Jay Legault,CA,,,,London,OHL,,,,,,,
1998,3,72,Tampa Bay Lightning,Dmitry Afanasenkov\afanadm01,SU,LW,18,2007,Torpedo Yaroslavl 2,Russia-2,x,227,27,27,54,-36,52
1999,3,72,Nashville Predators,Brett Angel,CA,,,,North Bay,OHL,,,,,,,
2000,3,72,Nashville Predators,Mattias Nilsson,SE,,,,MoDo Ornskoldsvik,Sweden,,,,,,,
2001,3,72,New Jersey Devils,Brandon Nolan\nolanbr01,CA,C,18,2008,Oshawa,OHL,x,6,0,1,1,-2,0
2002,3,72,Minnesota Wild,Mike Erickson,US,RW,19,,Minnesota,WCHA,,,,,,,
2003,3,72,Edmonton Oilers,Mikhail Zhukov,RU,LW,18,,Arboga,Sweden-3,,,,,,,
2004,3,72,Colorado Avalanche,Denis Parshin,RU,RW,18,,CSKA Moscow 2,Russia,,,,,,,
2005,3,72,Los Angeles Kings,Jonathan Quick\quickjo01,US,G,19,2020,Avon Old Farms,High-CT,x,644,0,19,19,0,58
1993,3,73,Montreal Canadiens,Sebastien Bordeleau\bordese01,CA,C,18,2002,Hull,QMJHL,x,251,37,61,98,-31,118
1994,3,73,Pittsburgh Penguins,Greg Crozier\crozigr01,CA,LW,18,2001,Lawrence Academy,High-MA,x,1,0,0,0,0,0
1995,3,73,Boston Bruins,Bill McCauley,US,,,,Detroit,OHL,,,,,,,
1996,3,73,Calgary Flames,Dmitri Vlasenkov,RU,,,,Torpedo Yaroslavl,KHL,,,,,,,
1997,3,73,New York Rangers,Burke Henry\henrybu01,CA,D,18,2004,Brandon,WHL,x,39,2,6,8,-13,33
1998,3,73,Phoenix Coyotes,Pat O'Leary,US,,,,Robbinsdale,High-MN,,,,,,,
1999,3,73,Buffalo Sabres,Tim Preston,CA,,,,Seattle,WHL,,,,,,,
2000,3,73,Boston Bruins,Sergei Zinovjev\zinovse01,SU,C,20,2004,Novokuznetsk,KHL,x,10,0,1,1,1,2
2001,3,73,Chicago Blackhawks,Craig Anderson\andercr01,US,G,20,2020,Guelph,OHL,x,648,0,18,18,0,54
2002,3,73,Minnesota Wild,Barry Brust\brustba01,CA,G,19,2007,Spokane,WHL,x,11,0,0,0,0,0
2003,3,73,Pittsburgh Penguins,Daniel Carcillo\carcida01,CA,LW,18,2015,Sarnia,OHL,x,429,48,52,100,-17,1233
2004,3,73,New York Rangers,Zdenek Bahensky,CZ,RW,18,,Chemopetrol Litvinov Jr.,Czech,,,,,,,
2005,3,73,Tampa Bay Lightning,Radek Smolenak\smolera01,CS,LW,18,2010,Kingston,OHL,x,7,0,1,1,1,15
1993,3,74,Detroit Red Wings,Kevin Hilton,US,,,,Trenton,,,,,,,,
1994,3,74,Montreal Canadiens,Martin Belanger,CA,,,,Granby,QMJHL,,,,,,,
1995,3,74,Montreal Canadiens,Martin Hohenberger,AT,,,,Prince George,WHL,,,,,,,
1996,3,74,Washington Capitals,Dave Weninger,CA,,,,Michigan Tech,WCHA,,,,,,,
1997,3,74,Florida Panthers,Nick Smith\smithni01,CA,C,18,2002,Barrie,OHL,x,15,0,0,0,-1,0
1998,3,74,Ottawa Senators,Julien Vauclair\vauclju01,CH,D,18,2004,Lugano,Swiss,x,1,0,0,0,1,2
1999,3,74,Los Angeles Kings,Jason Crain,US,,,,Ohio State,CCHA,,,,,,,
2000,3,74,Chicago Blackhawks,Igor Radulov\radulig01,SU,LW,18,2004,Torpedo Yaroslavl 2,Russia-2,x,43,9,7,16,-5,22
2001,3,74,Minnesota Wild,Chris Heid,CA,D,18,,Spokane,WHL,,,,,,,
2002,3,74,Toronto Maple Leafs,Todd Ford,CA,G,18,,Swift Current,WHL,,,,,,,
2003,3,74,Buffalo Sabres,Clarke MacArthur\macarcl01,CA,LW,18,2017,Medicine Hat,WHL,x,552,133,171,304,-6,343
2004,3,74,Anaheim Ducks,Kyle Klubertanz,US,D,18,,Green Bay,USHL,,,,,,,
2005,3,74,Calgary Flames,Dan Ryder,CA,C,18,,Peterborough,OHL,,,,,,,
1993,3,75,Quebec Nordiques,Bill Pierce,US,,,,Burlington,High-MA,,,,,,,
1994,3,75,Detroit Red Wings,Sean Gillam,CA,,,,Spokane,WHL,,,,,,,
1995,3,75,St. Louis Blues,Scott Roche,CA,,,,North Bay,OHL,,,,,,,
1996,3,75,Vancouver Canucks,Zenith Komarniski\komarze01,CA,D,18,2004,Tri-City,WHL,x,21,1,1,2,-1,10
1997,3,75,Buffalo Sabres,Jeff Martin,CA,,,,Windsor,OHL,,,,,,,
1998,3,75,Montreal Canadiens,Francois Beauchemin\beaucfr01,CA,D,18,2018,Laval,QMJHL,x,903,76,212,288,14,490
1999,3,75,Tampa Bay Lightning,Brett Scheffelmaier,CA,D,18,,Medicine Hat,WHL,,,,,,,
2000,3,75,St. Louis Blues,Justin Papineau\papinju01,CA,C,20,2004,Belleville,OHL,x,81,11,8,19,2,12
2001,3,75,Nashville Predators,Denis Platonov,RU,RW,19,,Saratov,Russia-2,,,,,,,
2002,3,75,Ottawa Senators,Arttu Luttinen,FI,C,19,,HIFK Helsinki Jr.,Finland-Jr.,,,,,,,
2003,3,75,New York Rangers,Ken Roche,US,C,19,,St. Sebastian's,High-MA,,,,,,,
2004,3,75,Anaheim Ducks,Tim Brent\brentti01,CA,C,20,2013,St. Michael's,OJHL,x,207,21,27,48,-21,76
2005,3,75,Dallas Stars,Perttu Lindgren\lindgpe01,FI,C,18,2010,Ilves Tampere Jr.,Finland-Jr.,x,1,0,0,0,0,0
1993,3,76,Chicago Blackhawks,Ryan Huska\huskary01,CA,LW,18,1998,Kamloops,WHL,x,1,0,0,0,0,0
1994,3,76,Pittsburgh Penguins,Alexei Krivchenkov,RU,,,,CSKA Moscow,Russia,,,,,,,
1995,3,76,Pittsburgh Penguins,Jean-Sebastien Aubin\aubinje01,CA,G,18,2008,Sherbrooke,QMJHL,x,218,0,3,3,0,10
1996,3,76,New York Rangers,Dmitri Subbotin,RU,,,,CSKA Moscow,Russia,,,,,,,
1997,3,76,Detroit Red Wings,Petr Sykora\sykorpe02,CS,C,18,2006,Pardubice,Czech,x,12,2,2,4,-1,6
1998,3,76,Los Angeles Kings,Alexei Volkov,RU,,,,Krylja Sovetov 2,Russia-2,,,,,,,
1999,3,76,Los Angeles Kings,Frantisek Kaberle\kaberfr01,CS,D,25,2009,MoDo Ornskoldsvik,Sweden,x,523,29,164,193,-19,218
2000,3,76,New Jersey Devils,Mike Rupp\ruppmi01,US,C,20,2014,Erie,OHL,x,610,54,45,99,-28,855
2001,3,76,Nashville Predators,Oliver Setzinger,AT,C,18,,Ilves Tampere,Finland,,,,,,,
2002,3,76,Buffalo Sabres,Michael Tessier,CA,LW,18,,Acadie-Bathurst,QMJHL,,,,,,,
2003,3,76,Nashville Predators,Richard Stehlik,SK,D,19,,Sherbrooke,QMJHL,,,,,,,
2004,3,76,Atlanta Thrashers,Scott Lehman\lehmasc01,CA,D,18,2009,St. Michael's,OJHL,x,1,0,0,0,0,0
2005,3,76,New York Islanders,Shea Guthrie,CA,W,18,,St. George's,High-RI,,,,,,,
1993,3,77,Philadelphia Flyers,Milos Holan\holanmi01,CS,D,22,1996,TJ Vitkovice,Czech,x,49,5,11,16,-12,42
1994,3,77,Calgary Flames,Chris Clark\clarkch01,US,RW,18,2011,Springfield Jr. B,,x,607,103,111,214,-48,700
1995,3,77,Colorado Avalanche,John Tripp\trippjo01,CA,RW,18,2004,Oshawa,OHL,x,43,2,7,9,-3,35
1996,3,77,Pittsburgh Penguins,Boris Protsenko,UA,,,,Calgary,WHL,,,,,,,
1997,3,77,Dallas Stars,Steve Gainey\gainest01,CA,LW,18,2006,Kamloops,WHL,x,33,0,2,2,-3,34
1998,3,77,Buffalo Sabres,Mike Pandolfo\pandomi01,US,LW,19,2004,St. Sebastian's,High-MA,x,3,0,0,0,-2,0
1999,3,77,Calgary Flames,Craig Anderson\andercr01,US,G,18,2020,Guelph,OHL,x,648,0,18,18,0,54
2000,3,77,Florida Panthers,Robert Fried,US,,,,Deerfield Academy,High-MA,,,,,,,
2001,3,77,Boston Bruins,Darren McLachlan,CA,LW,18,,Seattle,WHL,,,,,,,
2002,3,77,Washington Capitals,Patrick Wellar,CA,D,18,,Portland,WHL,,,,,,,
2003,3,77,Phoenix Coyotes,Tyler Redenbach,CA,C,18,,Swift Current,WHL,,,,,,,
2004,3,77,Ottawa Senators,Shawn Weller,US,LW,18,,Capital District,EJHL,,,,,,,
2005,3,77,New York Rangers,Dalyn Flatt,CA,D,18,,Saskatoon,WHL,,,,,,,
1993,3,78,Florida Panthers,Steve Washburn\washbst01,CA,C,18,2001,Ottawa,OHL,x,93,14,15,29,-4,42
1994,3,78,New York Rangers,Adam Smith,CA,,,,Tacoma,WHL,,,,,,,
1995,3,78,New Jersey Devils,David Gosselin\gosseda01,CA,RW,18,2002,Sherbrooke,QMJHL,x,13,2,1,3,-5,11
1996,3,78,Washington Capitals,Shawn McNeil,CA,,,,Kamloops,WHL,,,,,,,
1997,3,78,Colorado Avalanche,Ville Nieminen\niemivi01,FI,LW,20,2007,Tappara Tampere,Finland,x,385,48,69,117,-28,333
1998,3,78,Boston Bruins,Peter Nordstrom\nordspe01,SE,C,24,1999,Farjestad Jr.,Sweden-Jr.,x,2,0,0,0,-1,0
1999,3,78,New York Islanders,Mattias Weinhandl\weinhma01,SE,RW,19,2007,Troja,Sweden-3,x,182,19,37,56,1,70
2000,3,78,Montreal Canadiens,Jozef Balej\balejjo01,CS,RW,18,2006,Portland,WHL,x,18,1,5,6,0,4
2001,3,78,Phoenix Coyotes,Beat Forster,CH,D,18,,Davos,Swiss,,,,,,,
2002,3,78,Dallas Stars,Geoff Waugh,CA,D,19,,Kindersley,SJHL,,,,,,,
2003,3,78,Minnesota Wild,Danny Irmen\irmenda01,US,C,19,2010,Lincoln,USHL,x,2,0,0,0,-1,0
2004,3,78,Minnesota Wild,Peter Olvecky\olvecpe01,CS,C,18,2010,Dukla Trencin Jr.,Slovak-Jr.,x,32,2,5,7,1,12
2005,3,78,Nashville Predators,Teemu Laakso\laakste01,FI,D,18,2012,HIFK Helsinki,Finland,x,17,0,0,0,-3,10
1996,3,79,Colorado Avalanche,Mark Parrish\parrima01,US,RW,19,2011,St. Cloud State,WCHA,x,722,216,171,387,-47,246
1997,3,79,New York Islanders,Robert Schnabel\schnaro01,CS,D,18,2004,Slavia Praha,Czech-2,x,22,0,3,3,6,34
1998,3,79,Colorado Avalanche,Evgeny Lazarev,UA,,,,Kitchener Jr. B,,,,,,,,
1999,3,79,New York Rangers,Johan Asplund,SE,,,,Brynas Gavle,Sweden,,,,,,,
2000,3,79,Montreal Canadiens,Tyler Hanchuck,CA,,,,Brampton,OHL,,,,,,,
2001,3,79,New York Rangers,Garth Murray\murraga01,CA,C,18,2009,Regina,WHL,x,116,8,2,10,-19,131
2002,3,79,Edmonton Oilers,Brock Radunske,CA,LW,19,,Michigan State,CCHA,,,,,,,
2003,3,79,Montreal Canadiens,Ryan O'Byrne\obyrnry01,CA,D,19,2013,Nanaimo,BCHL,x,308,5,34,39,-19,369
2004,3,79,Minnesota Wild,Clayton Stoner\stonecl01,CA,D,19,2017,Tri-City,WHL,x,360,7,41,48,5,459
2005,3,79,Nashville Predators,Cody Franson\fransco01,CA,D,18,2018,Vancouver,WCHL,x,550,43,169,212,-10,202
1993,4,79,Winnipeg Jets,Ruslan Batyrshin\batyrru01,SU,D,18,1996,Dynamo Moscow,Russia,x,2,0,0,0,0,6
1994,4,79,Edmonton Oilers,Adam Copeland,CA,,,,Burlington Jr. B,OJHL,,,,,,,
1995,4,79,New Jersey Devils,Alyn McCauley\mccaual01,CA,C,18,2007,Ottawa,OHL,x,488,69,97,166,25,116
1996,3,80,Boston Bruins,Jason Doyle,CA,,,,Owen Sound,OHL,,,,,,,
1997,3,80,Carolina Hurricanes,Francis Lessard\lessafr01,CA,RW,18,2011,Val d'Or,QMJHL,x,115,1,3,4,-6,346
1998,3,80,Pittsburgh Penguins,David Cameron,CA,,,,Prince Albert,WHL,,,,,,,
1999,3,80,Florida Panthers,Jean-Francois Laniel,CA,,,,Shawinigan,QMJHL,,,,,,,
2000,3,80,Carolina Hurricanes,Ryan Bayda\baydary01,CA,LW,19,2009,U. of North Dakota,WCHA,x,179,16,24,40,-20,94
2001,3,80,Atlanta Thrashers,Michael Garnett\garnemi01,CA,G,18,2006,Saskatoon,WHL,x,24,0,2,2,0,0
2002,3,80,Phoenix Coyotes,Matt Jones\jonesma01,US,D,19,2008,North Dakota,WCHA,x,106,1,10,11,-27,63
2003,3,80,Phoenix Coyotes,Dmitri Pestunov,KZ,C,18,,Magnitogorsk,KHL,,,,,,,
2004,3,80,New York Rangers,Billy Ryan,US,C,18,,Cushing Academy,High-MA,,,,,,,
2005,3,80,Detroit Red Wings,Christofer Lofberg,SE,C,18,,Djurgarden Jr.,Sweden-Jr.,,,,,,,
1993,4,80,San Jose Sharks,Alexander Osadchy,RU,,,,Kharkov,,,,,,,,
1994,4,80,Anaheim Ducks,Byron Briske,CA,,,,Red Deer,WHL,,,,,,,
1995,4,80,Florida Panthers,Dave Duerden\duerdda01,CA,LW,18,2000,Peterborough,OHL,x,2,0,0,0,0,0
1998,3,81,Vancouver Canucks,Justin Morrison,US,,,,Colorado College,WCHA,,,,,,,
1999,3,81,Edmonton Oilers,Adam Hauser\hausead01,US,G,19,2006,Minnesota,WCHA,x,1,0,0,0,0,0
2000,3,81,Tampa Bay Lightning,Alexander Kharitonov\kharial01,SU,LW,24,2002,Dynamo Moscow,Russia,x,71,7,15,22,-10,12
2001,3,81,Ottawa Senators,Neil Komadoski,US,D,19,,Notre Dame,CCHA,,,,,,,
2002,3,81,New York Rangers,Marcus Jonasen,SE,LW,18,,Vasteras,Sweden-2,,,,,,,
2003,3,81,Philadelphia Flyers,Stefan Ruzicka\ruzicst01,CS,RW,18,2008,Nitra,Slovakia,x,55,4,13,17,-1,47
2004,3,81,Nashville Predators,Vaclav Meidl,CZ,C,18,,Plymouth,OHL,,,,,,,
2005,3,81,Edmonton Oilers,Danny Syvret\syvreda01,CA,D,20,2011,London,OHL,x,59,3,4,7,-14,30
1993,4,81,Tampa Bay Lightning,Marian Kacir,CZ,,,,Hodonin,,,,,,,,
1994,4,81,Ottawa Senators,Bryan Masotta,US,,,,New Haven,High-CT,,,,,,,
1995,4,81,Colorado Avalanche,Tomi Kallio\kallito01,FI,LW,18,2003,Kiekko-67 Turku FIN,Finland-Jr.,x,140,24,31,55,-21,48
1996,4,81,Ottawa Senators,Antti-Jussi Niemi\niemian01,FI,D,18,2002,Jokerit Helsinki,KHL,x,29,1,1,2,-7,22
1997,4,81,Boston Bruins,Karol Bartanus,SK,,,,Drummondville,QMJHL,,,,,,,
1998,3,82,New Jersey Devils,Brian Gionta\giontbr01,US,RW,19,2018,Boston College,H-East,x,1026,291,304,595,35,377
1999,3,82,San Jose Sharks,Mark Concannon,US,,,,Winchendon,High-MA,,,,,,,
2000,3,82,Florida Panthers,Sean O'Connor,CA,,,,Moose Jaw,WHL,,,,,,,
2001,3,82,Toronto Maple Leafs,Jay Harrison\harrija01,CA,D,18,2015,Brampton,OHL,x,372,23,52,75,-27,360
2002,3,82,Buffalo Sabres,John Adams,US,D,19,,Boston College,H-East,,,,,,,
2003,3,82,Los Angeles Kings,Ryan Munce,CA,G,18,,Sarnia,OHL,,,,,,,
2004,3,82,New York Islanders,Sergei Ogorodnikov,RU,C,18,,Tver,Russia-2,,,,,,,
2005,3,82,Toronto Maple Leafs,Phil Oreskovic\oreskph01,CA,D,18,2009,Brampton,OHL,x,10,1,1,2,-2,21
1993,4,82,Anaheim Ducks,Joel Gagnon,CA,,,,Hearst,,,,,,,,
1994,4,82,Winnipeg Jets,Steve Cheredaryk,CA,,,,Medicine Hat,WHL,,,,,,,
1995,4,82,Chicago Blackhawks,Chris Van Dyk,CA,,,,Windsor,OHL,,,,,,,
1996,4,82,Florida Panthers,Joey Tetarenko\tetarjo01,CA,RW,18,2004,Portland,WHL,x,73,4,1,5,-7,176
1997,4,82,San Jose Sharks,Adam Colagiacomo,CA,,,,Oshawa,OHL,,,,,,,
1998,3,83,St. Louis Blues,Matt Walker\walkema01,CA,D,18,2012,Portland,WHL,x,314,4,26,30,-9,464
1999,3,83,Anaheim Ducks,Niclas Havelid\havelni01,SE,D,26,2009,Malmo,Sweden,x,628,34,137,171,-31,342
2000,3,83,Edmonton Oilers,Alexander Liubimov,RU,,,,Lada Togliatti,KHL,,,,,,,
2001,3,83,Los Angeles Kings,Henrik Juntunen,SE,RW,18,,Karpat Oulu,Finland,,,,,,,
2002,3,83,Vancouver Canucks,Lukas Mensator,CZ,G,18,,Karlovy Vary,Czech,,,,,,,
2003,3,83,Washington Capitals,Steve Werner,US,RW,19,,Massachusetts,H-East,,,,,,,
2004,3,83,St. Louis Blues,Viktor Alexandrov,KZ,LW,18,,Novokuznetsk,KHL,,,,,,,
2005,3,83,Boston Bruins,Mikko Lehtonen\lehtomi02,FI,RW,18,2010,Blues Espoo Jr.,Finland-Jr.,x,2,0,0,0,-1,0
1993,4,83,Florida Panthers,Bill McCauley,US,,,,Detroit,OHL,,,,,,,
1994,4,83,Hartford Whalers,Hnat Domenichelli\domenhn01,CA,LW,18,2003,Kamloops,WHL,x,267,52,61,113,-56,104
1995,4,83,Edmonton Oilers,Mike Minard\minarmi01,CA,G,18,2000,Chilliwack,BCHL,x,1,0,0,0,0,0
1996,4,83,New York Islanders,Tyrone Garner\garnety01,CA,G,18,1999,Oshawa,OHL,x,3,0,0,0,0,0
1997,4,83,Los Angeles Kings,Joe Corvo\corvojo01,US,D,20,2014,Western Michigan,CCHA,x,708,92,218,310,25,241
1998,3,84,Detroit Red Wings,Jake McCracken,CA,,,,Sault Ste. Marie,OHL,,,,,,,
1999,3,84,Carolina Hurricanes,Brad Fast\fastbr01,CA,D,19,2004,Prince George,WHL,x,1,1,0,1,1,0
2000,3,84,Pittsburgh Penguins,Peter Hamerlik,SK,G,18,,Skalica,Slovakia,,,,,,,
2001,3,84,Edmonton Oilers,Kenny Smith,US,D,19,,Harvard,ECAC,,,,,,,
2002,3,84,New Jersey Devils,Marek Chvatal,CZ,D,18,,Trinec,Czech,,,,,,,
2003,3,84,St. Louis Blues,Konstantin Barulin,RU,G,19,,Tjumen,Russia-2,,,,,,,
2004,3,84,Montreal Canadiens,Alexei Emelin\emelial01,SU,D,18,2018,CSK VVS Samara,Russia-3,x,456,15,66,81,-9,363
2005,3,84,New Jersey Devils,Mark Fraser\frasema01,CA,D,18,2015,Kitchener,OHL,x,219,4,18,22,7,302
1993,4,84,Hartford Whalers,Trevor Roenick,US,,,,Derby,,,,,,,,
1994,4,84,Florida Panthers,David Nemirovsky\nemirda01,CA,RW,18,1999,Ottawa,OHL,x,91,16,22,38,-2,42
1995,4,84,Winnipeg Jets,Justin Kurtz\kurtzju01,CA,D,18,2002,Brandon,WHL,x,27,3,5,8,-4,14
1996,4,84,Los Angeles Kings,Mikael Simons,SE,,,,Mora,Sweden-2,,,,,,,
1997,4,84,Toronto Maple Leafs,Adam Mair\mairad01,CA,C,18,2011,Owen Sound,OHL,x,615,38,76,114,-26,829
1998,3,85,Nashville Predators,Geoff Koch,US,,,,Michigan,CCHA,,,,,,,
1999,3,85,St. Louis Blues,Peter Smrek\smrekpe01,CS,D,20,2002,Des Moines,USHL,x,28,2,4,6,-5,18
2000,3,85,Phoenix Coyotes,Ramzi Abid\abidra01,CA,LW,20,2007,Halifax,QMJHL,x,68,14,16,30,-11,78
2001,3,85,Columbus Blue Jackets,Aaron Johnson\johnsaa01,CA,D,18,2013,Rimouski,QMJHL,x,291,17,45,62,1,227
2002,3,85,New Jersey Devils,Ahren Nittel,CA,LW,18,,Windsor,OHL,,,,,,,
2003,3,85,Philadelphia Flyers,Alexandre Picard\picaral01,CA,D,18,2012,Halifax,QMJHL,x,253,19,50,69,-31,86
2004,3,85,Pittsburgh Penguins,Brian Gifford,US,C,18,,Moorhead,High-MN,,,,,,,
2005,3,85,St. Louis Blues,Ben Bishop\bishobe01,US,G,18,2020,Texas,NAHL,x,413,0,12,12,0,34
1993,4,85,Montreal Canadiens,Adam Wiesel,US,,,,South Hadley,,,,,,,,
1994,4,85,Chicago Blackhawks,Steve McLaren\mclarst01,CA,D,19,2004,North Bay,OHL,x,6,0,0,0,0,25
1995,4,85,Hartford Whalers,Ian MacNeil\macneia01,CA,C,18,2003,Oshawa,OHL,x,2,0,0,0,1,0
1996,4,85,Washington Capitals,Justin Davis,CA,,,,Kingston,OHL,,,,,,,
1997,4,85,New York Islanders,Petr Mika\mikape01,CS,LW,18,2000,Slavia Praha,Czech-2,x,3,0,0,0,-1,0
1998,3,86,Dallas Stars,Gabriel Karlsson,SE,,,,HV 71 Jonkoping Jr.,Sweden-Jr.,,,,,,,
1999,3,86,Pittsburgh Penguins,Sebastien Caron\caronse01,CA,G,19,2012,Rimouski,QMJHL,x,95,0,1,1,0,12
2000,3,86,Los Angeles Kings,Yanick Lehoux\lehouya01,CA,C,18,2007,Baie-Comeau,QMJHL,x,10,2,2,4,0,6
2001,3,86,Pittsburgh Penguins,Drew Fata\fatadr01,CA,D,18,2008,St. Michael's,OJHL,x,8,1,1,2,-3,9
2002,3,86,San Jose Sharks,Jonas Fiedler,CZ,RW,18,,Plymouth,OHL,,,,,,,
2003,3,86,Anaheim Ducks,Shane Hynes,CA,RW,19,,Cornell,ECAC,,,,,,,
2004,3,86,Dallas Stars,John Lammers,CA,LW,18,,Lethbridge,WHL,,,,,,,
2005,3,86,Edmonton Oilers,Robby Dee,US,C,18,,Breck,High-MN,,,,,,,
1993,4,86,New York Rangers,Sergei Olimpiyev,BY,,,,Lipetski,,,,,,,,
1994,4,86,Tampa Bay Lightning,Dmitri Klevakin,RU,,,,Spartak Moscow,KHL,,,,,,,
1995,4,86,Montreal Canadiens,Jonathan Delisle\delisjo01,CA,RW,18,1999,Hull,QMJHL,x,1,0,0,0,0,0
1996,4,86,Toronto Maple Leafs,Jason Sessa,US,,,,Lake Superior State,CCHA,,,,,,,
1997,4,86,St. Louis Blues,Didier Tremblay,CA,,,,Halifax,QMJHL,,,,,,,
1999,3,87,New York Islanders,Brian Collins,US,,,,St. John's,High-MA,,,,,,,
2000,3,87,Ottawa Senators,Jan Bohac,CZ,,,,Slavia Praha,Czech-2,,,,,,,
2001,3,87,Columbus Blue Jackets,Per Mars,SE,C,18,,Brynas Gavle,Sweden,,,,,,,
2002,3,87,New York Islanders,Frans Nielsen\nielsfr01,DK,C,18,2020,Malmo,Sweden,x,896,166,301,467,-34,166
2003,3,87,Philadelphia Flyers,Ryan Potulny\potulry01,US,C,19,2011,Lincoln,USHL,x,126,22,27,49,-18,54
2004,3,87,Ottawa Senators,Peter Regin\reginpe01,DK,C,18,2015,Herning IK,Denmark,x,243,23,44,67,1,64
2005,3,87,Buffalo Sabres,Marc-Andre Gragnani\gragnma01,CA,D,18,2016,P.E.I.,QMJHL,x,78,3,15,18,4,36
1993,4,87,Dallas Stars,Chad Lang,CA,,,,Newmarket,OHL,,,,,,,
1994,4,87,Quebec Nordiques,Milan Hejduk\hejdumi01,CS,RW,18,2013,Pardubice,Czech,x,1020,375,430,805,101,316
1995,4,87,Hartford Whalers,Sami Kapanen\kapansa01,FI,RW,22,2008,HIFK Helsinki,Finland,x,831,189,269,458,-30,175
1996,4,87,Buffalo Sabres,Kurt Walsh,CA,,,,Owen Sound,OHL,,,,,,,
1997,4,87,Colorado Avalanche,Brad Larsen\larsebr01,CA,LW,20,2008,Swift Current,WHL,x,294,19,29,48,-23,134
1998,4,87,Toronto Maple Leafs,Alexei Ponikarovsky\ponikal01,SU,LW,18,2013,Dynamo 2,KHL,x,678,139,184,323,47,419
1999,3,88,Tampa Bay Lightning,Jimmie Olvestad\olvesji01,SE,LW,19,2003,Djurgarden,Sweden,x,111,3,14,17,1,40
2000,3,88,Colorado Avalanche,Kurt Sauer\sauerku01,US,D,19,2010,Spokane,WHL,x,357,5,28,33,-15,250
2001,3,88,Toronto Maple Leafs,Nicolas Corbeil,CA,C,18,,Sherbrooke,QMJHL,,,,,,,
2002,3,88,Toronto Maple Leafs,Dominic D'Amour,CA,D,18,,Hull,QMJHL,,,,,,,
2003,3,88,St. Louis Blues,Zack Fitzgerald\fitzgza01,US,D,18,2008,Seattle,WHL,x,1,0,0,0,0,0
2004,3,88,Washington Capitals,Clayton Barthel,DE,D,18,,Seattle,WHL,,,,,,,
2005,3,88,Colorado Avalanche,T.J. Hensick\hensitj01,US,C,19,2011,Michigan,CCHA,x,112,12,26,38,-16,18
1993,4,88,Boston Bruins,Charles Paquette,CA,,,,Sherbrooke,QMJHL,,,,,,,
1994,4,88,Philadelphia Flyers,Adam Magarrell,CA,,,,Brandon,WHL,,,,,,,
1995,4,88,Florida Panthers,Daniel Tjarnqvist\tjarnda01,SE,D,18,2009,Rogle Angelholm,Sweden,x,352,18,72,90,-53,130
1996,4,88,Hartford Whalers,Craig MacDonald\macdocr01,CA,LW,19,2009,Harvard,ECAC,x,233,11,24,35,-15,91
1997,4,88,Carolina Hurricanes,Shane Willis\willish01,CA,RW,20,2004,Lethbridge,WHL,x,174,31,43,74,-16,77
1998,4,88,Nashville Predators,Kent Sauer,US,,,,North Iowa,NAHL,,,,,,,
1999,3,89,Boston Bruins,Kyle Wanvig\wanviky01,CA,RW,18,2008,Kootenay,WHL,x,75,6,9,15,-11,94
2000,3,89,Nashville Predators,Libor Pivko\pivkoli01,CS,LW,20,2004,Havirov,Czech-2,x,1,0,0,0,0,0
2001,3,89,St. Louis Blues,Tuomas Nissinen,FI,G,18,,Kalpa Kuopio Jr.,Finland-Jr.,,,,,,,
2002,3,89,St. Louis Blues,Tomas Troliga,SK,C,18,,Nova Ves,Slovakia-2,,,,,,,
2003,3,89,Nashville Predators,Paul Brown,CA,RW,19,,Kamloops,WHL,,,,,,,
2004,3,89,Ottawa Senators,Jeff Glass\glassje01,CA,G,18,2018,Kootenay,WHL,x,15,0,0,0,0,2
2005,3,89,Tampa Bay Lightning,Chris Lawrence,CA,C,18,,Sault Ste. Marie,OHL,,,,,,,
1993,4,89,St. Louis Blues,Jamal Mayers\mayerja01,CA,RW,18,2013,Western Michigan,CCHA,x,915,90,129,219,-87,1200
1994,4,89,San Jose Sharks,Vaclav Varada\varadva01,CS,RW,18,2006,Vitkovice,Czech,x,493,58,125,183,19,410
1995,4,89,Ottawa Senators,Kevin Bolibruck,CA,,,,Peterborough,OHL,,,,,,,
1996,4,89,Calgary Flames,Toni Lydman\lydmato01,FI,D,18,2013,Reipas Lahti,Finland,x,847,36,206,242,45,551
1997,4,89,Washington Capitals,Curtis Cruickshank,CA,,,,Kingston,OHL,,,,,,,
1998,4,89,Florida Panthers,Ryan Jardine\jardiry01,CA,LW,18,2002,Sault Ste. Marie,OHL,x,8,0,2,2,0,2
1999,3,90,New York Rangers,Patrick Aufiero,US,,,,Boston University,H-East,,,,,,,
2000,3,90,Toronto Maple Leafs,Jean-Francois Racine,CA,,,,Drummondville,QMJHL,,,,,,,
2001,3,90,Washington Capitals,Owen Fussey\fusseow01,CA,RW,18,2004,Calgary,WHL,x,4,0,1,1,-1,0
2002,3,90,Calgary Flames,Matthew Lombardi\lombama01,CA,C,20,2013,Victoriaville,QMJHL,x,536,101,161,262,6,293
2003,3,90,Anaheim Ducks,Juha Alen,FI,D,21,,Northern Michigan,CCHA,,,,,,,
2004,3,90,Toronto Maple Leafs,Justin Pogge\poggeju01,CA,G,18,2009,Prince George,WHL,x,7,0,0,0,0,0
2005,3,90,Florida Panthers,Dan Collins,US,RW,18,,Plymouth,OHL,,,,,,,
1993,4,90,Chicago Blackhawks,Eric Daze\dazeer01,CA,RW,18,2006,Beauport,QMJHL,x,601,226,172,398,8,176
1994,4,90,New York Islanders,Brad Lukowich\lukowbr01,CA,D,18,2011,Kamloops,WHL,x,658,23,90,113,45,369
1995,4,90,San Jose Sharks,Vesa Toskala\toskave01,FI,G,18,2010,Ilves Tampere,Finland,x,266,0,10,10,0,16
1996,4,90,Dallas Stars,Mike Hurley,CA,,,,Tri-City,WHL,,,,,,,
1997,4,90,Vancouver Canucks,Chris Stanley,CA,,,,Belleville,OHL,,,,,,,
1998,4,90,Vancouver Canucks,Regan Darby,CA,,,,Tri-City,WHL,,,,,,,
1999,3,91,Edmonton Oilers,Mike Comrie\comrimi01,CA,C,19,2011,Michigan,CCHA,x,589,168,197,365,-49,443
2000,3,91,Dallas Stars,Alexei Tereschenko,RU,,,,Dynamo Moscow,Russia,,,,,,,
2001,3,91,Carolina Hurricanes,Kevin Estrada,CA,RW,19,,Chilliwack,BCHL,,,,,,,
2002,3,91,Carolina Hurricanes,Jesse Lane,US,D,19,,Hull,QMJHL,,,,,,,
2003,3,91,Toronto Maple Leafs,Martin Sagat,SK,LW,18,,Dukla Trencin,Slovakia,,,,,,,
2004,3,91,Vancouver Canucks,Alexander Edler\edleral01,SE,D,18,2020,Jamtland,Sweden,x,873,99,302,401,-28,607
2005,3,91,Philadelphia Flyers,Oskars Bartulis\bartuos01,SU,D,18,2011,Moncton,QMJHL,x,66,1,8,9,-16,32
1993,4,91,Ottawa Senators,Cosmo Dupaul,CA,,,,Victoriaville,QMJHL,,,,,,,
1994,4,91,Calgary Flames,Ryan Duthie,CA,,,,Red Deer,WHL,,,,,,,
1995,4,91,New York Rangers,Marc Savard\savarma01,CA,C,18,2011,Oshawa,OHL,x,807,207,499,706,-54,737
1996,4,91,New Jersey Devils,Josef Boumedienne\boumejo01,SE,D,18,2004,Huddinge,Sweden,x,47,4,12,16,-13,36
1997,4,91,Montreal Canadiens,Daniel Tetrault,CA,,,,Brandon,WHL,,,,,,,
1998,4,91,Carolina Hurricanes,Josef Vasicek\vasicjo01,CS,C,18,2008,Slavia Praha Jr.,Czech-Jr.,x,460,77,106,183,-38,311
1999,3,92,Los Angeles Kings,Cory Campbell,CA,,,,Belleville,OHL,,,,,,,
2000,3,92,Colorado Avalanche,Sergei Klyazmin,RU,,,,Dynamo Moscow,Russia,,,,,,,
2001,3,92,Dallas Stars,Anthony Aquino,CA,RW,19,,Merrimack,H-East,,,,,,,
2002,3,92,Washington Capitals,Derek Krestanovich,CA,C,19,,Moose Jaw,WHL,,,,,,,
2003,3,92,Nashville Predators,Alexander Sulzer\sulzeal01,DE,D,19,2014,Hamburg,Germany,x,131,7,15,22,4,44
2004,3,92,Philadelphia Flyers,Rob Bellamy,US,RW,19,,New England,EJHL,,,,,,,
1993,4,92,New York Islanders,Warren Luhning\luhniwa01,CA,RW,18,2000,Calgary,AJHL,x,29,0,1,1,-10,21
1994,4,92,Vancouver Canucks,Mike Dubinsky,CA,,,,Brandon,WHL,,,,,,,
1995,4,92,Vancouver Canucks,Lloyd Shaw,CA,,,,Seattle,WHL,,,,,,,
1996,4,92,Montreal Canadiens,Kim Staal,DK,,,,Malmo,Sweden,,,,,,,
1997,4,92,Calgary Flames,Chris St. Croix,US,,,,Kamloops,WHL,,,,,,,
1998,4,92,Tampa Bay Lightning,Eric Beaudoin\beauder01,CA,LW,18,2004,Guelph,OHL,x,53,3,8,11,-15,41
2005,4,92,Tampa Bay Lightning,Marek Bartanus,SK,RW,18,,Kosice,Slovakia,,,,,,,
1999,3,93,Colorado Avalanche,Branko Radivojevic\radivbr01,CS,RW,18,2008,Belleville,OHL,x,393,52,68,120,-35,252
2000,3,93,Vancouver Canucks,Tim Branham,US,,,,Barrie,OHL,,,,,,,
2001,3,93,Minnesota Wild,Stephane Veilleux\veillst01,CA,LW,19,2015,Val d'Or,QMJHL,x,506,50,56,106,-64,348
2002,3,93,Chicago Blackhawks,Alexander Kojevnikov,RU,LW,18,,Krylja Sovetov 2,Russia-2,,,,,,,
2003,3,93,New Jersey Devils,Ivan Khomutov,RU,C,18,,Elektrostal,Russia-2,,,,,,,
2004,3,93,Columbus Blue Jackets,Dan LaCosta\lacosda01,CA,G,18,2009,Owen Sound,OHL,x,4,0,0,0,0,0
1993,4,93,Winnipeg Jets,Ravil Gusmanov\gusmara01,SU,LW,21,1996,Traktor Chelyabinsk,KHL,x,4,0,0,0,-3,0
1994,4,93,Washington Capitals,Matt Herr\herrma01,US,C,18,2003,Hotchkiss,High-CT,x,58,4,5,9,-6,25
1995,4,93,Washington Capitals,Sebastien Charpentier\charpse01,CA,G,18,2004,Laval,QMJHL,x,26,0,0,0,0,0
1996,4,93,Vancouver Canucks,Jonas Soling,SE,,,,Huddinge,Sweden,,,,,,,
1997,4,93,New York Rangers,Tomi Kallarsson,FI,,,,HPK Hameenlinna,Finland,,,,,,,
1998,4,93,Carolina Hurricanes,Tommy Westlund\westlto01,SE,RW,23,2003,Brynas Gavle,Sweden,x,203,9,13,22,-27,48
2005,4,93,Florida Panthers,Olivier Legault,CA,LW,18,,Lewiston,QMJHL,,,,,,,
1999,3,94,Ottawa Senators,Chris Kelly\kellych01,CA,C,18,2018,London,OHL,x,845,123,168,291,40,417
2000,3,94,Philadelphia Flyers,Alexander Drozdetsky,RU,,,,St. Petersburg,KHL,,,,,,,
2001,3,94,Tampa Bay Lightning,Evgeny Artyukhin\artyuev01,SU,RW,18,2010,Podolsk,KHL,x,199,19,30,49,-7,313
2002,3,94,Colorado Avalanche,Eric Lundberg,US,D,19,,Providence,H-East,,,,,,,
2003,3,94,Edmonton Oilers,Zack Stortini\stortza01,CA,RW,18,2012,Sudbury,OHL,x,257,14,27,41,-6,725
2004,3,94,San Jose Sharks,Thomas Greiss\greisth01,DE,G,18,2020,Koln Jr.,,x,282,0,3,3,0,12
1993,4,94,Los Angeles Kings,Bob Wren\wrenbo01,CA,C,18,2002,Detroit,OHL,x,5,0,0,0,0,0
1994,4,94,St. Louis Blues,Tyler Harlton,CA,,,,Vernon,BCHL,,,,,,,
1995,4,94,Buffalo Sabres,Matt Davidson\davidma01,CA,RW,18,2003,Portland,WHL,x,56,5,7,12,-21,28
1996,4,94,Calgary Flames,Christian Lefebvre,CA,,,,Granby,QMJHL,,,,,,,
1997,4,94,Edmonton Oilers,Jonas Elofsson,SE,,,,Farjestad,Sweden,,,,,,,
1998,4,94,Chicago Blackhawks,Matthias Trattnig,AT,,,,U. of Maine,H-East,,,,,,,
2005,4,94,Carolina Hurricanes,Jakub Vojta,CZ,D,18,,Sparta Praha Jr.,Czech-Jr.,,,,,,,
1999,3,95,New Jersey Devils,Andre Lakos,AT,,,,Barrie,OHL,,,,,,,
2000,3,95,New York Rangers,Dominic Moore\mooredo01,CA,C,20,2018,Harvard,ECAC,x,897,106,176,282,-23,487
2001,3,95,Philadelphia Flyers,Patrick Sharp\sharppa01,CA,LW,19,2018,Vermont,ECAC,x,939,287,333,620,39,536
2002,3,95,Detroit Red Wings,Valtteri Filppula\filppva01,FI,C,18,2020,Jokerit Helsinki Jr.,Finland-Jr.,x,1018,191,324,515,-3,334
2003,3,95,Philadelphia Flyers,Rick Kozak,CA,RW,18,,Brandon,WHL,,,,,,,
2004,3,95,Los Angeles Kings,Paul Baier,US,D,19,,Deerfield Academy,High-MA,,,,,,,
1993,4,95,Calgary Flames,Jason Smith,CA,,,,Calgary,WHL,,,,,,,
1994,4,95,Edmonton Oilers,Jussi Tarvainen,FI,,,,KalPa Kuopio,Finland,,,,,,,
1995,4,95,Washington Capitals,Joel Theriault,CA,,,,Beauport,QMJHL,,,,,,,
1996,4,95,St. Louis Blues,Jonathan Zukiwsky,CA,,,,Red Deer,WHL,,,,,,,
1997,4,95,Florida Panthers,Ivan Novoseltsev\novosiv01,SU,RW,18,2004,Krylja Sovetov,Russia,x,234,31,44,75,-47,112
1998,4,95,New York Islanders,Andy Burnham,CA,,,,Windsor,OHL,,,,,,,
2005,4,95,Ottawa Senators,Cody Bass\bassco01,CA,C,18,2017,Mississauga,OHL,x,75,2,3,5,-5,107
1999,3,96,Dallas Stars,Mathias Tjarnqvist\tjarnma01,SE,RW,20,2008,Rogle Angelholm,Sweden,x,173,13,19,32,-8,60
2000,3,96,St. Louis Blues,Antoine Bergeron,CA,,,,Val d'Or,QMJHL,,,,,,,
2001,3,96,Pittsburgh Penguins,Alexandre Rouleau,CA,D,18,,Val d'Or,QMJHL,,,,,,,
2002,3,96,Columbus Blue Jackets,Jeff Genovy,US,LW,19,,Des Moines,USHL,,,,,,,
2003,3,96,Tampa Bay Lightning,Jonathan Boutin,CA,G,18,,Halifax,QMJHL,,,,,,,
2004,3,96,Columbus Blue Jackets,Andrey Plekhanov,RU,D,18,,Nizhnekamsk 2,Russia-3,,,,,,,
1993,4,96,Calgary Flames,Marty Murray\murrama01,CA,C,18,2007,Brandon,WHL,x,261,31,42,73,5,41
1994,4,96,Montreal Canadiens,Arto Kuki,FI,,,,Kiekko-Espoo,Finland,,,,,,,
1995,4,96,New Jersey Devils,Henrik Rehnberg,SE,,,,Farjestad,Sweden,,,,,,,
1996,4,96,Los Angeles Kings,Eric Belanger\belaner01,CA,C,18,2013,Beauport,QMJHL,x,820,138,220,358,-24,361
1997,4,96,Phoenix Coyotes,Scott McCallum,CA,,,,Tri-City,WHL,,,,,,,
1998,4,96,New Jersey Devils,Mikko Jokela\jokelmi01,FI,D,18,2003,HIFK Helsinki,Finland,x,1,0,0,0,0,0
2005,4,96,Buffalo Sabres,Chris Butler\butlech01,US,D,18,2019,Sioux City,USHL,x,407,14,72,86,-27,187
2001,3,97,Colorado Avalanche,Danny Bois\boisda01,CA,RW,18,2007,London,OHL,x,1,0,0,0,0,7
2003,3,97,Calgary Flames,Ryan Donally,CA,LW,18,,Windsor,OHL,,,,,,,
2004,3,97,Detroit Red Wings,Johan Franzen\franzjo01,SE,LW,24,2016,Linkoping,Sweden,x,602,187,183,370,93,401
1993,4,97,Detroit Red Wings,John Jakopin\jakopjo01,CA,D,18,2003,St. Michael's Jr. B,OJHL,x,113,1,6,7,-8,145
1994,4,97,Calgary Flames,Johan Finnstrom,SE,,,,Rogle Angelholm,Sweden,,,,,,,
1995,4,97,Chicago Blackhawks,Pavel Kriz,CZ,,,,Tri-City,WHL,,,,,,,
1996,4,97,St. Louis Blues,Andrei Petrakov,RU,,,,Avtomobilist Yekaterinburg CIS,KHL,,,,,,,
1997,4,97,Pittsburgh Penguins,Alexandre Mathieu,CA,,,,Halifax,QMJHL,,,,,,,
1998,4,97,Carolina Hurricanes,Chris Madden,US,,,,Guelph,OHL,,,,,,,
1999,4,97,Montreal Canadiens,Chris Dyment,US,,,,Boston University,H-East,,,,,,,
2000,4,97,Carolina Hurricanes,Niclas Wallin\wallini01,SE,D,25,2011,Brynas Gavle,Sweden,x,614,21,58,79,-61,460
2002,4,97,Phoenix Coyotes,Lance Monych,CA,RW,18,,Brandon,WHL,,,,,,,
2005,4,97,Edmonton Oilers,Chris VandeVelde\vandech01,US,C,18,2017,Moorhead,High-MN,x,278,18,30,48,-28,95
2003,3,98,Nashville Predators,Grigory Shafigulin,RU,C,18,,Lokomotiv Yaroslavl 2,Russia-3,,,,,,,
2004,3,98,Calgary Flames,Dustin Boyd\boyddu01,CA,C,18,2011,Moose Jaw,WHL,x,220,32,31,63,-17,41
1993,4,98,Vancouver Canucks,Dieter Kochan\kochadi01,CA,G,19,2003,Kelowna,BCHL,x,21,0,0,0,0,0
1994,4,98,Dallas Stars,Jamie Wright\wrighja01,CA,LW,18,2003,Guelph,OHL,x,124,12,20,32,12,54
1995,4,98,Calgary Flames,Jan Labraaten,SE,,,,Farjestad,Sweden,,,,,,,
1996,4,98,Colorado Avalanche,Ben Storey,CA,,,,Harvard,ECAC,,,,,,,
1997,4,98,St. Louis Blues,Jan Horacek,CZ,,,,Slavia Praha,Czech-2,,,,,,,
1998,4,98,San Jose Sharks,Rob Davison\davisro01,CA,D,18,2010,North Bay,OHL,x,219,3,15,18,-5,321
1999,4,98,Atlanta Thrashers,David Kaczowka,CA,,,,Seattle,WHL,,,,,,,
2000,4,98,Anaheim Ducks,Jonas Ronnqvist\ronnqjo01,SE,RW,27,2001,Lulea,Sweden,x,38,0,4,4,-7,14
2001,4,98,Nashville Predators,Jordin Tootoo\tootojo01,CA,RW,18,2017,Brandon,WHL,x,723,65,96,161,-60,1010
2002,4,98,Columbus Blue Jackets,Ivan Tkachenko,RU,LW,22,,Lokomotiv Yaroslavl,KHL,,,,,,,
2005,4,98,Ottawa Senators,Ilya Zubov\zubovil01,SU,C,18,2009,Chelyabinsk,Russia-2,x,11,0,2,2,-1,0
2003,3,99,Dallas Stars,Matt Nickerson,US,D,18,,Texas,NAHL,,,,,,,
1993,4,99,Montreal Canadiens,Jean-Francois Houle,CA,,,,Northwood School,High-NY,,,,,,,
1994,4,99,Boston Bruins,Eric Nickulas\nickuer01,US,RW,19,2006,Cushing Academy,High-MA,x,118,15,23,38,-11,82
1995,4,99,Boston Bruins,Cameron Mann\mannca01,CA,RW,18,2003,Peterborough,OHL,x,93,14,10,24,-7,40
1996,4,99,Montreal Canadiens,Etienne Drapeau,CA,,,,Beauport,QMJHL,,,,,,,
1997,4,99,Los Angeles Kings,Sean Blanchard,CA,,,,Ottawa,OHL,,,,,,,
1998,4,99,Edmonton Oilers,Shawn Horcoff\horcosh01,CA,C,19,2016,Michigan State,CCHA,x,1008,186,325,511,-27,624
1999,4,99,Atlanta Thrashers,Rob Zepp\zeppro01,CA,G,18,2015,Plymouth,OHL,x,10,0,0,0,0,0
2000,4,99,Minnesota Wild,Marc Cavosie,US,,,,RPI,ECAC,,,,,,,
2001,4,99,Ottawa Senators,Ray Emery\emeryra01,CA,G,18,2015,Sault Ste. Marie,OHL,x,287,0,4,4,0,79
2002,4,99,Montreal Canadiens,Michael Lambert,CA,LW,18,,Montreal,QMJHL,,,,,,,
2004,4,99,Pittsburgh Penguins,Tyler Kennedy\kennety01,CA,C,18,2016,Sault Ste. Marie,OHL,x,527,89,126,215,6,239
2005,4,99,New Jersey Devils,Patrick Davis\davispa01,US,RW,18,2010,Kitchener,OHL,x,9,1,0,1,-2,0
2003,3,100,Ottawa Senators,Philippe Seydoux,CH,D,18,,Kloten,Swiss,,,,,,,
1993,4,100,Detroit Red Wings,Benoit Larose,CA,,,,Laval,QMJHL,,,,,,,
1994,4,100,New York Rangers,Alexander Korobolin,RU,,,,Traktor Chelyabinsk,KHL,,,,,,,
1995,4,100,Philadelphia Flyers,Radovan Somik\somikra01,CS,RW,18,2004,ZTS Martin,Slovakia,x,113,12,20,32,7,27
1996,4,100,Boston Bruins,Trent Whitfield\whitftr01,CA,C,19,2012,Spokane,WHL,x,194,11,18,29,-3,104
1997,4,100,Calgary Flames,Ryan Ready\readyry01,CA,LW,18,2006,Belleville,OHL,x,7,0,1,1,0,0
1998,4,100,Phoenix Coyotes,Ryan Vanbuskirk,CA,,,,Sarnia,OHL,,,,,,,
1999,4,100,New Jersey Devils,Teemu Kesa,FI,,,,Ilves Tampere Jr.,Finland-Jr.,,,,,,,
2000,4,100,Toronto Maple Leafs,Miguel Delisle,CA,,,,Ottawa,OHL,,,,,,,
2001,4,100,Atlanta Thrashers,Brian Sipotz,US,D,19,,Miami (Ohio),CCHA,,,,,,,
2002,4,100,Tampa Bay Lightning,Dmitri Kazionov,RU,C,18,,CSKA Moscow,Russia,,,,,,,
2004,4,100,Montreal Canadiens,J.T. Wyman\wymanja01,US,RW,18,2013,Blake,High-MN,x,44,2,9,11,-2,8
2005,4,100,Boston Bruins,Jonathan Sigalet\sigaljo02,CA,D,19,2007,Bowling Green,CCHA,x,1,0,0,0,-2,4
2003,3,101,St. Louis Blues,Konstantin Zakharov,BY,LW,18,,Yunost Minsk,Belarus-Jr.,,,,,,,
1993,4,101,Quebec Nordiques,Ryan Tocher,CA,,,,Hamilton,OHL,,,,,,,
1994,4,101,Philadelphia Flyers,Sebastien Vallee,CA,,,,Victoriaville,QMJHL,,,,,,,
1995,4,101,St. Louis Blues,Michal Handzus\handzmi01,CS,C,18,2014,Banska Bystrica,Slovakia,x,1009,185,298,483,14,498
1996,4,101,New Jersey Devils,Josh MacNevin,CA,,,,Vernon,BCHL,,,,,,,
1997,4,101,Buffalo Sabres,Luc Theoret,CA,,,,Lethbridge,WHL,,,,,,,
1998,4,101,Ottawa Senators,Petr Schastlivy\schaspe01,SU,LW,19,2004,Torpedo Yaroslavl,KHL,x,129,18,22,40,3,30
1999,4,101,New York Islanders,Juraj Kolnik\kolniju01,CS,RW,18,2007,Rimouski,QMJHL,x,240,46,49,95,-13,84
2000,4,101,New York Islanders,Arto Tukio,FI,,,,Ilves Tampere,Finland,,,,,,,
2001,4,101,New York Islanders,Cory Stillman,CA,C,18,,Kingston,OHL,,,,,,,
2002,4,101,Pittsburgh Penguins,Daniel Fernholm,SE,D,18,,Djurgarden,Sweden,,,,,,,
2004,4,101,Philadelphia Flyers,R.J. Anderson,US,D,18,,Centennial,High-MN,,,,,,,
2005,4,101,Columbus Blue Jackets,Jared Boll\bollja01,US,RW,19,2018,Lincoln,USHL,x,579,28,38,66,-52,1298
1993,4,102,Chicago Blackhawks,Patrik Pysz,PL,,,,Augsburg,MIAC,,,,,,,
1994,4,102,Pittsburgh Penguins,Tom O'Connor,US,,,,Springfield Jr. B,,,,,,,,
1995,4,102,Pittsburgh Penguins,Oleg Belov,RU,,,,CSKA Moscow,Russia,,,,,,,
1996,4,102,San Jose Sharks,Matt Bradley\bradlma01,CA,RW,18,2012,Kingston,OHL,x,675,59,90,149,-19,562
1997,4,102,Detroit Red Wings,Quintin Laing\laingqu01,CA,LW,18,2010,Kelowna,WHL,x,79,3,8,11,8,31
1998,4,102,Calgary Flames,Shaun Sutter,CA,,,,Lethbridge,WHL,,,,,,,
1999,4,102,New York Islanders,Johan Halvardsson,SE,,,,HV 71 Jonkoping,Sweden,,,,,,,
2000,4,102,Detroit Red Wings,Stefan Liv,SE,,,,HV 71 Jonkoping,Sweden,,,,,,,
2001,4,102,Anaheim Ducks,Timo Parssinen\parssti01,FI,LW,24,2002,HPK Hameenlinna,Finland,x,17,0,3,3,0,2
2002,4,102,Nashville Predators,Brandon Segal\segalbr01,CA,RW,19,2013,Calgary,WHL,x,103,11,11,22,1,85
2003,4,102,Carolina Hurricanes,Aaron Dawson,US,D,18,,Peterborough,OHL,,,,,,,
2004,4,102,Tampa Bay Lightning,Mike Lundin\lundimi01,US,D,19,2013,U. of Maine,H-East,x,252,4,32,36,-11,54
2005,4,102,Tampa Bay Lightning,Blair Jones\jonesbl01,CA,C,18,2015,Moose Jaw,WHL,x,132,7,10,17,-18,65
1993,4,103,Boston Bruins,Shawn Bates\batessh01,US,C,18,2008,Medford,High-MA,x,465,72,126,198,-28,266
1994,4,103,New Jersey Devils,Zdenek Skorepa,CZ,,,,Chemopetrol Litvinov,Russia,,,,,,,
1995,4,103,Ottawa Senators,Kevin Boyd,CA,,,,London,OHL,,,,,,,
1996,4,103,Toronto Maple Leafs,Vladimir Antipov,RU,,,,Torpedo Yaroslavl,KHL,,,,,,,
1997,4,103,Philadelphia Flyers,Mikhail Chernov,RU,,,,Torpedo Yaroslavl 2,Russia-2,,,,,,,
1998,4,103,Los Angeles Kings,Kip Brennan\brennki01,CA,LW,18,2008,Sudbury,OHL,x,61,1,1,2,-2,222
1999,4,103,Florida Panthers,Morgan McCormick,CA,,,,Kingston,OHL,,,,,,,
2000,4,103,Boston Bruins,Brett Nowak,US,,,,Harvard,ECAC,,,,,,,
2001,4,103,Minnesota Wild,Tony Virta\virtato01,FI,RW,29,2002,TPS Turku,Finland,x,8,2,3,5,0,0
2002,4,103,Anaheim Ducks,Joonas Vihko,FI,C,21,,HIFK Helsinki,Finland,,,,,,,
2003,4,103,Columbus Blue Jackets,Kevin Jarman,CA,LW,18,,Stouffville,OPJHL,,,,,,,
2004,4,103,Phoenix Coyotes,Roman Tomanek,SI,RW,18,,Povazska Bystrica,Slovakia-2,,,,,,,
2005,4,103,Detroit Red Wings,Mattias Ritola\ritolma01,SE,RW,18,2012,Leksand Jr.,Sweden-Jr.,x,43,4,5,9,-7,17
1993,4,104,Pittsburgh Penguins,Jonas Andersson-Junkka,SE,,,,Kiruna,Sweden,,,,,,,
1994,4,104,New York Rangers,Sylvain Blouin\blouisy01,CA,LW,20,2003,Laval,QMJHL,x,115,3,4,7,-20,336
1995,4,104,Detroit Red Wings,Anatoli Ustyugov,RU,,,,Torpedo Yaroslavl,KHL,,,,,,,
1996,4,104,Hartford Whalers,Steve Wasylko,CA,,,,Detroit,OHL,,,,,,,
1997,4,104,New Jersey Devils,Lucas Nehrling,CA,,,,Sarnia,OHL,,,,,,,
1998,4,104,San Jose Sharks,Miroslav Zalesak\zalesmi01,CS,RW,18,2004,Plastika Nitra,Slovakia,x,12,1,2,3,-3,0
1999,4,104,Los Angeles Kings,Brian McGrattan\mcgrabr01,CA,RW,18,2015,Sudbury,OHL,x,317,10,17,27,-11,609
2000,4,104,San Jose Sharks,Jon DiSalvatore\disaljo01,US,RW,19,2012,Providence,H-East,x,6,0,0,0,-1,4
2001,4,104,Chicago Blackhawks,Brent MacLellan,CA,D,18,,Rimouski,QMJHL,,,,,,,
2002,4,104,Los Angeles Kings,Aaron Rome\romeaa01,CA,D,18,2014,Swift Current,WHL,x,226,6,22,28,-17,185
2003,4,104,Columbus Blue Jackets,Philippe Dupuis\dupuiph01,CA,C,18,2012,Hull,QMJHL,x,116,6,12,18,-6,62
2004,4,104,Dallas Stars,Fredrik Naslund,SE,LW,18,,Vasteras,Sweden-2,,,,,,,
2005,4,104,Florida Panthers,Matt Duffy,US,D,19,,N.H. Jr. Monarchs,EJHL,,,,,,,
1996,4,105,Pittsburgh Penguins,Michal Rozsival\rozsimi01,CS,D,18,2017,Dukla Jihlava,Czech-2,x,963,68,241,309,83,704
1997,4,105,Dallas Stars,Marcus Kristoffersson,SE,,,,Mora,Sweden-2,,,,,,,
1998,4,105,New Jersey Devils,Pierre Dagenais\dagenpi01,CA,RW,20,2006,Rouyn-Noranda,QMJHL,x,142,35,23,58,0,58
1999,4,105,Anaheim Ducks,Alexandr Chagodayev,RU,,,,CSKA Moscow,Russia,,,,,,,
2000,4,105,New York Islanders,Vladimir Gorbunov,RU,,,,HC Moscow,KHL,,,,,,,
2001,4,105,Anaheim Ducks,Vladimir Korsunov,RU,D,18,,Spartak Moscow 2,Russia-3,,,,,,,
2002,4,105,Philadelphia Flyers,Rosario Ruggeri,CA,D,18,,Chicoutimi,QMJHL,,,,,,,
2003,4,105,Florida Panthers,Martin Lojek\lojekma01,CS,D,18,2008,Brampton,OHL,x,5,0,1,1,1,0
2004,4,105,Florida Panthers,Evan Schafer,CA,D,18,,Prince Albert,WHL,,,,,,,
2005,4,105,Phoenix Coyotes,Keith Yandle\yandlke01,US,D,19,2020,Cushing Academy,High-MA,x,976,99,474,573,-48,564
1993,5,105,Los Angeles Kings,Frederick Beaubien,CA,,,,St. Hyacinthe,QMJHL,,,,,,,
1994,5,105,Florida Panthers,Dave Geris,CA,,,,Windsor,OHL,,,,,,,
1995,5,105,Washington Capitals,Benoit Gratton\grattbe01,CA,C,18,2004,Laval,QMJHL,x,58,6,10,16,0,58
1996,4,106,Buffalo Sabres,Mike Martone,CA,,,,Peterborough,OHL,,,,,,,
1997,4,106,St. Louis Blues,Jame Pollock\polloja01,CA,D,18,2004,Seattle,WHL,x,9,0,0,0,-1,6
1998,4,106,Washington Capitals,Krys Barch\barchkr01,CA,RW,18,2014,London,OHL,x,381,12,23,35,-16,812
1999,4,106,Calgary Flames,Roman Rozakov,RU,,,,Lada Togliatti 2,Russia-3,,,,,,,
2000,4,106,Chicago Blackhawks,Scott Balan,CA,,,,Regina,WHL,,,,,,,
2001,4,106,San Jose Sharks,Christian Ehrhoff\ehrhoch01,DE,D,19,2016,Krefeld,Germany,x,789,74,265,339,48,517
2002,4,106,Edmonton Oilers,Ivan Koltsov,RU,D,18,,Cherepovets-2,Russia-3,,,,,,,
2003,4,106,Buffalo Sabres,Jan Hejda\hejdaja01,CS,D,25,2015,Slavia Praha,,x,627,25,110,135,-7,317
2004,4,106,Atlanta Thrashers,Chad Painchaud,CA,LW,18,,Mississauga,OHL,,,,,,,
2005,4,106,Boston Bruins,Vladimir Sobotka\sobotvl01,CS,C,18,2020,Slavia Praha,Czech-2,x,548,53,118,171,-22,362
1993,5,106,San Jose Sharks,Andrei Buschan,UA,,,,Kiev,Russia,,,,,,,
1994,5,106,Anaheim Ducks,Pavel Trnka\trnkapa01,CS,D,18,2004,Skoda Plzen,Czech,x,411,14,63,77,-12,323
1995,5,106,New York Islanders,Vladimir Orszagh\orszavl01,CS,RW,18,2006,Banska Bystrica,Slovakia,x,289,54,65,119,-22,194
1996,4,107,Colorado Avalanche,Randy Petruk,CA,,,,Kamloops,WHL,,,,,,,
1998,4,107,Washington Capitals,Chris Corrinet\corrich02,US,RW,19,2002,Princeton,ECAC,x,8,0,1,1,-4,6
1999,4,107,Montreal Canadiens,Evan Lindsay,CA,,,,Prince Albert,WHL,,,,,,,
2000,4,107,Atlanta Thrashers,Carl Mallette,CA,,,,Victoriaville,QMJHL,,,,,,,
2001,4,107,San Jose Sharks,Dimitri Patzold\patzodi01,SU,G,18,2008,Erding,,x,3,0,0,0,0,0
2002,4,107,Colorado Avalanche,Mikko Kalteva,FI,D,18,,Jokerit Helsinki Jr.,Finland-Jr.,,,,,,,
2003,4,107,Boston Bruins,Byron Bitz\bitzby01,CA,RW,19,2012,Nanaimo,BCHL,x,97,10,12,22,-6,65
2004,4,107,Nashville Predators,Nick Fugere,CA,LW,18,,Gatineau,QMJHL,,,,,,,
2005,4,107,New York Rangers,Tom Pyatt\pyattto01,CA,C,18,2019,Saginaw,OHL,x,445,43,58,101,-41,71
1993,5,107,Tampa Bay Lightning,Ryan Brown,CA,,,,Seattle,WHL,,,,,,,
1994,5,107,Calgary Flames,Nils Ekman\ekmanni01,SE,LW,18,2007,Hammarby,,x,264,60,91,151,13,188
1995,5,107,Anaheim Ducks,Igor Nikulin,SU,RW,23,,Cherepovets,KHL,,,,,,,
1997,5,107,San Jose Sharks,Adam Nittel,CA,,,,Erie,OHL,,,,,,,
1996,4,108,Detroit Red Wings,Johan Forsander,SE,,,,HV 71 Jonkoping,Sweden,,,,,,,
1998,4,108,Calgary Flames,Dany Sabourin\sabouda01,CA,G,18,2009,Sherbrooke,QMJHL,x,57,0,1,1,0,4
1999,4,108,Toronto Maple Leafs,Mirko Murovic,CA,,,,Moncton,QMJHL,,,,,,,
2000,4,108,Atlanta Thrashers,Blake Robson,CA,,,,Portland,WHL,,,,,,,
2001,4,108,Calgary Flames,Tomi Maki\makito01,FI,RW,18,2007,Jokerit Helsinki Jr.,Finland-Jr.,x,1,0,0,0,0,0
2002,4,108,Buffalo Sabres,Jakub Hulva,CZ,RW,18,,Vitkovice Jr.,Czech-Jr.,,,,,,,
2003,4,108,Philadelphia Flyers,Kevin Romy,CH,C,18,,Geneve,Swiss,,,,,,,
2004,4,108,Boston Bruins,Ashton Rome,CA,RW,18,,Moose Jaw,WHL,,,,,,,
2005,4,108,Chicago Blackhawks,Niklas Hjalmarsson\hjalmni01,SE,D,18,2020,HV 71 Jonkoping Jr.,Sweden-Jr.,x,780,25,142,167,112,314
1993,5,108,Anaheim Ducks,Mikhail Shtalenkov\shtalmi01,SU,G,27,2000,Milwaukee,IHL,x,190,0,6,6,0,14
1994,5,108,Winnipeg Jets,Craig Mills\millscr01,CA,RW,18,1999,Belleville,OHL,x,31,0,5,5,-1,36
1995,5,108,Tampa Bay Lightning,Konstantin Golokhvastov,UA,,,,Dynamo Moscow,Russia,,,,,,,
1997,5,108,Tampa Bay Lightning,Mark Thompson,CA,,,,Regina,WHL,,,,,,,
1998,4,109,Philadelphia Flyers,Jean-Philippe Morin,CA,,,,Drummondville,QMJHL,,,,,,,
1999,4,109,Florida Panthers,Rod Sarich,CA,,,,Calgary,WHL,,,,,,,
2000,4,109,Montreal Canadiens,Johan Eneqvist,SE,,,,Leksand,Sweden,,,,,,,
2001,4,109,Montreal Canadiens,Martti Jarventie\jarvema01,FI,D,25,2002,TPS Turku,Finland,x,1,0,0,0,2,0
2002,4,109,Washington Capitals,Jevon Desautels,CA,LW,18,,Spokane,WHL,,,,,,,
2003,4,109,Washington Capitals,Andreas Valdix,SE,LW,18,,Malmo,,,,,,,,
2004,4,109,Carolina Hurricanes,Brett Carson\carsobr01,CA,D,18,2013,Calgary,WHL,x,90,2,11,13,8,20
2005,4,109,Washington Capitals,Andrew Thomas,US,D,19,,Denver,WCHA,,,,,,,
1993,5,109,Florida Panthers,Todd MacDonald,CA,,,,Tacoma,WHL,,,,,,,
1994,5,109,Hartford Whalers,Ryan Risidore,CA,,,,Guelph,OHL,,,,,,,
1995,5,109,Edmonton Oilers,Jan Snopek,CZ,,,,Oshawa,OHL,,,,,,,
1996,5,109,New York Islanders,Bubba Berenzweig\berenbu01,US,D,19,2003,Michigan,CCHA,x,37,3,7,10,-4,14
1997,5,109,Tampa Bay Lightning,Jan Sulc,CZ,,,,Chemopetrol Litvinov,Russia,,,,,,,
1998,4,110,Pittsburgh Penguins,Scott Myers,CA,,,,Prince George,WHL,,,,,,,
1999,4,110,Toronto Maple Leafs,Jon Zion,CA,,,,Ottawa,OHL,,,,,,,
2000,4,110,Carolina Hurricanes,Jared Newman,US,,,,Plymouth,OHL,,,,,,,
2001,4,110,Carolina Hurricanes,Rob Zepp\zeppro01,CA,G,20,2015,Plymouth,OHL,x,10,0,0,0,0,0
2002,4,110,Dallas Stars,Jarkko A. Immonen,FI,C,18,,Blues Espoo Jr.,Finland-Jr.,,,,,,,
2003,4,110,Atlanta Thrashers,Jim Sharrow,US,D,18,,Halifax,QMJHL,,,,,,,
2004,4,110,Los Angeles Kings,Ned Lukacevic,ME,LW,18,,Spokane,WHL,,,,,,,
2005,4,110,Minnesota Wild,Kyle Bailey,CA,C,18,,Portland,WHL,,,,,,,
1993,5,110,New Jersey Devils,John Guirestante,CA,,,,Toronto,,,,,,,,
1994,5,110,Edmonton Oilers,Jon Gaskins,US,,,,Dubuque Jr. B,,,,,,,,
1995,5,110,New York Rangers,Alexei Vasiliev\vasilal02,SU,D,18,2000,Torpedo Yaroslavl 2,Russia-2,x,1,0,0,0,-1,2
1996,5,110,Toronto Maple Leafs,Peter Cava,CA,,,,Sault Ste. Marie,OHL,,,,,,,
1997,5,110,Chicago Blackhawks,Ben Simon\simonbe01,US,LW,19,2006,Notre Dame,CCHA,x,81,3,1,4,-13,47
1998,4,111,Detroit Red Wings,Brent Hobday,CA,,,,Moose Jaw,WHL,,,,,,,
1999,4,111,San Jose Sharks,Willie Levesque,US,,,,Northeastern,H-East,,,,,,,
2000,4,111,Buffalo Sabres,Ghyslain Rousseau,CA,,,,Baie-Comeau,QMJHL,,,,,,,
2001,4,111,Boston Bruins,Matti Kaltiainen,FI,G,19,,Blues Espoo Jr.,Finland-Jr.,,,,,,,
2002,4,111,Edmonton Oilers,Jonas Almtorp,SE,C,18,,MoDo Ornskoldsvik Jr.,Sweden-Jr.,,,,,,,
2003,4,111,Vancouver Canucks,Brandon Nolan\nolanbr01,CA,C,20,2008,Oshawa,OHL,x,6,0,1,1,-2,0
2004,4,111,Minnesota Wild,Ryan Jones\jonesry01,CA,RW,20,2014,Chatham,GOJHL,x,334,54,46,100,-11,181
2005,4,111,Calgary Flames,J.D. Watt,CA,RW,18,,Vancouver,WCHL,,,,,,,
1993,5,111,Edmonton Oilers,Miroslav Satan\satanmi01,CS,LW,18,2010,Dukla Trencin,Slovakia,x,1050,363,372,735,20,464
1994,5,111,Los Angeles Kings,Chris Schmidt\schmich01,CA,C,18,2003,Seattle,WHL,x,10,0,2,2,-1,5
1995,5,111,Buffalo Sabres,Marian Menhart,CZ,,,,Chemopetrol Litvinov,Russia,,,,,,,
1996,5,111,Toronto Maple Leafs,Brandon Sugden,CA,,,,London,OHL,,,,,,,
1997,5,111,Toronto Maple Leafs,Frantisek Mrazek,CZ,,,,Ceske Budejovice,Czech-2,,,,,,,
1998,4,112,Anaheim Ducks,Viktor Wallin,SE,,,,HV 71 Jonkoping Jr.,Sweden-Jr.,,,,,,,
1999,4,112,Colorado Avalanche,Sanny Lindstrom,SE,,,,Huddinge,Sweden,,,,,,,
2000,4,112,New York Rangers,Premysl Duben,CZ,,,,Dukla Jihlava,Czech-2,,,,,,,
2001,4,112,Atlanta Thrashers,Milan Gajic,CA,C,20,,Burnaby,BCHL,,,,,,,
2002,4,112,Calgary Flames,Yuri Artemenkov,RU,RW,18,,Krylja Sovetov 2,Russia-2,,,,,,,
2003,4,112,Calgary Flames,Jamie Tardif\tardija01,CA,RW,18,2013,Peterborough,OHL,x,2,0,0,0,0,0
2004,4,112,Edmonton Oilers,Liam Reddox\reddoli01,CA,LW,18,2011,Peterborough,OHL,x,100,6,18,24,-17,34
2005,4,112,San Jose Sharks,Alex Stalock\staloal01,US,G,18,2020,Cedar Rapids,USHL,x,151,0,4,4,0,12
1993,5,112,New York Rangers,Gary Roach,CA,,,,Sault Ste. Marie,OHL,,,,,,,
1994,5,112,New York Islanders,Mark McArthur,CA,,,,Guelph,OHL,,,,,,,
1995,5,112,Montreal Canadiens,Niklas Anger,SE,,,,Djurgarden,Sweden,,,,,,,
1996,5,112,Dallas Stars,Ryan Christie\chrisry01,CA,LW,18,2002,Owen Sound,OHL,x,7,0,0,0,-2,0
1997,5,112,Tampa Bay Lightning,Karel Betik\betikka01,CS,D,18,1999,Kelowna,WHL,x,3,0,2,2,-3,2
1998,4,113,Edmonton Oilers,Kristian Antila,FI,,,,Ilves Tampere,Finland,,,,,,,
1999,4,113,Carolina Hurricanes,Ryan Murphy,US,,,,Bowling Green,CCHA,,,,,,,
2000,4,113,Edmonton Oilers,Lou Dickenson,CA,,,,Mississauga,OHL,,,,,,,
2001,4,113,New York Rangers,Bryce Lampman\lampmbr01,US,D,19,2007,Omaha,USHL,x,10,0,0,0,-5,2
2002,4,113,Ottawa Senators,Scott Dobben,CA,C,19,,Erie,OHL,,,,,,,
2003,4,113,Montreal Canadiens,Corey Locke\lockeco01,CA,C,19,2011,Ottawa,OHL,x,9,0,1,1,-1,0
2004,4,113,Toronto Maple Leafs,Roman Kukumberg,SK,C,24,,Dukla Trencin,Slovakia,,,,,,,
2005,4,113,Chicago Blackhawks,Nathan Davis,US,C,19,,Miami (Ohio),CCHA,,,,,,,
1993,5,113,Montreal Canadiens,Jeff Lank\lankje01,CA,D,18,2000,Prince Albert,WHL,x,2,0,0,0,0,2
1994,5,113,Quebec Nordiques,Tony Tuzzolino\tuzzoto01,US,RW,18,2002,Michigan State,CCHA,x,9,0,0,0,-4,7
1995,5,113,Hartford Whalers,Hugh Hamilton,CA,,,,Spokane,WHL,,,,,,,
1996,5,113,Dallas Stars,Yevgeny Tsybuk,RU,,,,Torpedo Yaroslavl,KHL,,,,,,,
1997,5,113,Calgary Flames,Martin Moise,CA,,,,Beauport,QMJHL,,,,,,,
1998,4,114,New York Rangers,Boyd Kane\kanebo01,CA,LW,20,2010,Regina,WHL,x,31,0,3,3,-8,39
1999,4,114,St. Louis Blues,Chad Starling,CA,,,,Kamloops,WHL,,,,,,,
2000,4,114,Montreal Canadiens,Christian Larrivee,CA,,,,Chicoutimi,QMJHL,,,,,,,
2001,4,114,Vancouver Canucks,Evgeny Gladskikh,RU,RW,19,,Magnitogorsk,KHL,,,,,,,
2002,4,114,Vancouver Canucks,John Laliberte,US,RW,19,,N.H. Jr. Monarchs,EJHL,,,,,,,
2003,4,114,Buffalo Sabres,Denis Ezhov,RU,D,18,,CSK VVS Samara,,,,,,,,
2004,4,114,Minnesota Wild,Patrick Bordeleau\bordepa02,CA,LW,18,2015,Val d'Or,QMJHL,x,129,8,8,16,-8,185
2005,4,114,Vancouver Canucks,Alexandre Vincent,CA,G,18,,Chicoutimi,QMJHL,,,,,,,
1993,5,114,Philadelphia Flyers,Vladimir Krechin,RU,,,,Traktor Chelyabinsk,KHL,,,,,,,
1994,5,114,Detroit Red Wings,Frederic Deschenes,CA,,,,Granby,QMJHL,,,,,,,
1995,5,114,Florida Panthers,Francois Cloutier,CA,,,,Hull,QMJHL,,,,,,,
1996,5,114,Edmonton Oilers,Brian Urick,US,,,,Notre Dame,CCHA,,,,,,,
1997,5,114,Vancouver Canucks,David Darguzas,CA,,,,Edmonton,WHL,,,,,,,
1999,4,115,Pittsburgh Penguins,Ryan Malone\malonry01,US,LW,19,2015,Omaha,USHL,x,647,179,191,370,-59,693
2000,4,115,Florida Panthers,Chris Eade,CA,,,,North Bay,OHL,,,,,,,
2001,4,115,Chicago Blackhawks,Vladimir Gusev,RU,D,18,,Khabarovsk,KHL,,,,,,,
2002,4,115,Los Angeles Kings,Mark Rooneem,CA,LW,19,,Kamloops,WHL,,,,,,,
2003,4,115,Phoenix Coyotes,Liam Lindstrom,CA,C,18,,Mora,,,,,,,,
2004,4,115,New York Islanders,Wes O'Neill\oneilwe01,CA,D,18,2010,Notre Dame,CCHA,x,5,0,0,0,-1,6
2005,4,115,Ottawa Senators,Janne Kolehmainen,FI,LW,19,,SaiPa,Finland,,,,,,,
1993,5,115,Hartford Whalers,Nolan Pratt\prattno01,CA,D,18,2008,Portland,WHL,x,592,9,56,65,2,537
1994,5,115,San Jose Sharks,Brian Swanson\swansbr01,US,C,18,2004,Omaha,USHL,x,70,4,13,17,-9,16
1995,5,115,Dallas Stars,Wade Strand,CA,,,,Regina,WHL,,,,,,,
1996,5,115,Buffalo Sabres,Alexei Tezikov\tezikal01,SU,D,18,2002,Lada Togliatti,KHL,x,30,1,1,2,-1,2
1997,5,115,New York Islanders,Adam Edinger,US,,,,Bowling Green,CCHA,,,,,,,
1998,5,115,Phoenix Coyotes,Jay Leach\leachja02,US,D,19,2011,Providence,H-East,x,70,1,2,3,3,60
1999,4,116,Phoenix Coyotes,Ryan Lauzon,CA,,,,Hull,QMJHL,,,,,,,
2000,4,116,Calgary Flames,Levente Szuper,HU,,,,Ottawa,OHL,,,,,,,
2001,4,116,Los Angeles Kings,Richard Petiot\petiori01,CA,D,19,2011,Camrose,AJHL,x,15,0,3,3,4,25
2002,4,116,Atlanta Thrashers,Patrick Dwyer\dwyerpa01,US,RW,19,2015,Western Michigan,CCHA,x,416,42,51,93,-32,77
2003,4,116,Atlanta Thrashers,Guillaume Desbiens\desbigu01,CA,RW,18,2012,Rouyn Noranda,QMJHL,x,23,0,0,0,-4,37
2004,4,116,St. Louis Blues,Michal Birner,CZ,LW,18,,Praha Slava Jr.,Czech-Jr.,,,,,,,
2005,4,116,Atlanta Thrashers,Jordan Smotherman\lavaljo01,US,LW,19,2009,Quebec,QMJHL,x,4,1,1,2,1,0
1993,5,116,Buffalo Sabres,Richard Safarik,SK,,,,AC Nitra,Slovakia,,,,,,,
1994,5,116,New York Islanders,Albert O'Connell,US,,,,St. Sebastian's,High-MA,,,,,,,
1995,5,116,San Jose Sharks,Miikka Kiprusoff\kiprumi01,FI,G,18,2013,TPS Turku,Finland,x,623,0,10,10,0,47
1996,5,116,Hartford Whalers,Mark McMahon,CA,,,,Kitchener,OHL,,,,,,,
1997,5,116,Washington Capitals,Kevin Caulfield,US,,,,Boston College,H-East,,,,,,,
1998,5,116,Phoenix Coyotes,Josh Blackburn,US,,,,Lincoln,USHL,,,,,,,
1999,4,117,Buffalo Sabres,Karel Mosovsky,CZ,,,,Regina,WHL,,,,,,,
2000,4,117,Chicago Blackhawks,Olli Malmivaara\malmiol01,FI,D,18,2008,Jokerit Helsinki,KHL,x,2,0,0,0,2,0
2001,4,117,Florida Panthers,Mike Woodford,US,RW,19,,Cushing Academy,High-MA,,,,,,,
2002,4,117,New Jersey Devils,Cam Janssen\janssca01,US,RW,18,2014,Windsor,OHL,x,336,6,8,14,-26,774
2003,4,117,Nashville Predators,Teemu Lassila,FI,G,20,,TPS Turku,,,,,,,,
2004,4,117,Minnesota Wild,Julien Sprunger,CH,RW,18,,Fribourg,,,,,,,,
2005,4,117,Chicago Blackhawks,Denis Istomin,RU,RW,18,,Chelyabinsk,Russia-2,,,,,,,
1993,5,117,Los Angeles Kings,Jason Saal,US,,,,Detroit,OHL,,,,,,,
1994,5,117,Vancouver Canucks,Yanick Dube,CA,,,,Laval,QMJHL,,,,,,,
1995,5,117,New York Rangers,Dale Purinton\purinda01,US,D,18,2004,Tacoma,WHL,x,181,4,16,20,-3,578
1996,5,117,Anaheim Ducks,Brendan Buckley,US,,,,Boston College,H-East,,,,,,,
1997,5,117,Vancouver Canucks,Matt Cockell,CA,,,,Saskatoon,WHL,,,,,,,
1998,5,117,Florida Panthers,Jaroslav Spacek\spaceja01,CS,D,24,2012,Farjestad,Sweden,x,880,82,273,355,49,618
1999,4,118,Boston Bruins,Jaakko Harikkala,FI,,,,Lukko Rauma,Finland,,,,,,,
2000,4,118,Los Angeles Kings,Lubomir Visnovsky\visnolu01,CS,D,24,2015,Bratislava,KHL,x,883,128,367,495,40,373
2001,4,118,Anaheim Ducks,Brandon Rogers,US,D,19,,Hotchkiss,High-CT,,,,,,,
2002,4,118,Washington Capitals,Petr Dvorak,CZ,C,18,,Havirov-Jr.,Czech-Jr.,,,,,,,
2003,4,118,Boston Bruins,Frank Rediker,US,D,18,,Windsor,OHL,,,,,,,
2004,4,118,Calgary Flames,Aki Seitsonen,FI,C,18,,Prince Albert,WHL,,,,,,,
2005,4,118,Washington Capitals,Patrick McNeill,CA,D,18,,Saginaw,OHL,,,,,,,
1993,5,118,New York Islanders,Tommy Salo\saloto01,SE,G,22,2004,Vasteras,Sweden-2,x,526,0,7,7,0,67
1994,5,118,Chicago Blackhawks,Marc Dupuis,CA,,,,Cornwall,OHL,,,,,,,
1995,5,118,Los Angeles Kings,Jason Morgan\morgaja01,CA,C,18,2007,Kingston,OHL,x,44,2,5,7,-9,18
1996,5,118,New Jersey Devils,Glenn Crawford,CA,,,,Windsor,OHL,,,,,,,
1997,5,118,Montreal Canadiens,Konstantin Sidulov,RU,,,,Traktor Chelyabinsk,KHL,,,,,,,
1998,5,118,Washington Capitals,Mike Siklenka\siklemi01,CA,RW,18,2004,Lloydminster,AJHL,x,2,0,0,0,0,0
1999,4,119,Philadelphia Flyers,Jeff Feniak,CA,,,,Calgary,WHL,,,,,,,
2000,4,119,Colorado Avalanche,Brian Fahey\faheybr01,US,D,19,2011,Wisconsin,WCHA,x,7,0,1,1,-1,2
2001,4,119,Chicago Blackhawks,Alexei Zotkin,RU,LW,19,,Magnitogorsk,KHL,,,,,,,
2002,4,119,Columbus Blue Jackets,Jekabs Redlihs,LV,D,20,,NY Apple Core,EJHL,,,,,,,
2003,4,119,Anaheim Ducks,Nathan Saunders,CA,D,18,,Moncton,QMJHL,,,,,,,
2004,4,119,Phoenix Coyotes,Kevin Porter\porteke01,US,C,18,2017,U.S. National U-18,USNTDP,x,249,29,29,58,-27,60
2005,4,119,Philadelphia Flyers,Jeremy Duchesne\ducheje01,US,G,18,2010,Halifax,QMJHL,x,1,0,0,0,0,0
1993,5,119,Winnipeg Jets,Larry Courville\courvla01,CA,LW,18,1998,Newmarket,OHL,x,33,1,2,3,-10,16
1994,5,119,Washington Capitals,Yanick Jean,CA,,,,Chicoutimi,QMJHL,,,,,,,
1995,5,119,Buffalo Sabres,Kevin Popp,CA,,,,Seattle,WHL,,,,,,,
1996,5,119,Phoenix Coyotes,Richard Lintner\lintnri01,CS,D,18,2003,Dukla Trencin,Slovakia,x,112,8,12,20,-18,54
1997,5,119,Ottawa Senators,Magnus Arvedson\arvedma01,SE,LW,25,2004,Farjestad,Sweden,x,434,100,125,225,109,241
1998,5,119,New Jersey Devils,Anton But,UA,,,,Torpedo Yaroslavl 2,Russia-2,,,,,,,
1999,4,120,Detroit Red Wings,Jari Tolsa,SE,,,,Vastra Frolunda Jr.,Sweden-Jr.,,,,,,,
2000,4,120,Florida Panthers,Davis Parley,CA,,,,Kamloops,WHL,,,,,,,
2001,4,120,Pittsburgh Penguins,Tomas Surovy\surovto01,CS,C,19,2006,Poprad,Slovakia,x,126,27,32,59,-21,71
2002,4,120,St. Louis Blues,Robin Jonsson,SE,D,18,,Bofors,,,,,,,,
2003,4,120,New York Islanders,Stefan Blaho,SK,RW,18,,Dukla Trencin Jr.,,,,,,,,
2004,4,120,Chicago Blackhawks,Mitch Maunu,CA,D,18,,Windsor,OHL,,,,,,,
2005,4,120,Edmonton Oilers,Viacheslav Trukhno,RU,LW,18,,Prince Edward,QMJHL,,,,,,,
1993,5,120,Los Angeles Kings,Tomas Vlasak\vlasato01,CS,C,18,2001,Slavia Praha,Czech-2,x,10,1,3,4,4,2
1994,5,120,St. Louis Blues,Edvin Frylen,SE,,,,Vasteras,Sweden-2,,,,,,,
1995,5,120,Vancouver Canucks,Todd Norman,CA,,,,Guelph,OHL,,,,,,,
1996,5,120,Los Angeles Kings,Jesse Black,CA,,,,Niagara Falls,OHL,,,,,,,
1997,5,120,Chicago Blackhawks,Peter Gardiner,CA,,,,RPI,ECAC,,,,,,,
1998,5,120,Calgary Flames,Brent Gauvreau,CA,,,,Oshawa,OHL,,,,,,,
