Year,Round,Overall,Team,Player,Nat.,Pos,Age,To,Amateur Team,Amateur Lg.,NHL,GP,G,A,PTS,+/-,PIM
1993,1,1,Ottawa Senators,Alexandre Daigle\daiglal02,CA,C,18,2006,Victoriaville,QMJHL,x,616,129,198,327,-176,186
1994,1,1,Florida Panthers,Ed Jovanovski\jovaned01,CA,D,18,2014,Windsor,OHL,x,1128,137,363,500,-86,1491
1995,1,1,Ottawa Senators,Bryan Berard\berarbr01,US,D,18,2008,Detroit,OHL,x,619,76,247,323,-98,500
1996,1,1,Ottawa Senators,Chris Phillips\phillch02,CA,D,18,2015,Prince Albert,WHL,x,1179,71,217,288,68,756
1997,1,1,Boston Bruins,Joe Thornton\thornjo01,CA,C,18,2020,Sault Ste. Marie,OHL,x,1636,420,1089,1509,186,1248
1998,1,1,Tampa Bay Lightning,Vincent Lecavalier\lecavvi01,CA,C,18,2016,Rimouski,QMJHL,x,1212,421,528,949,-140,848
1999,1,1,Atlanta Thrashers,Patrik Stefan\stefapa01,CS,C,18,2007,Long Beach,IHL,x,455,64,124,188,-36,158
2000,1,1,New York Islanders,Rick DiPietro\dipieri01,US,G,18,2013,Boston University,H-East,x,318,0,19,19,0,129
2001,1,1,Atlanta Thrashers,Ilya Kovalchuk\kovalil01,SU,LW,18,2020,Spartak Moscow,KHL,x,926,443,433,876,-146,544
2002,1,1,Columbus Blue Jackets,Rick Nash\nashri01,CA,LW,18,2018,London,OHL,x,1060,437,368,805,-11,750
2003,1,1,Pittsburgh Penguins,Marc-Andre Fleury\fleurma01,CA,G,18,2020,Cape Breton,QMJHL,x,847,0,17,17,0,74
2004,1,1,Washington Capitals,Alex Ovechkin\ovechal01,SU,LW,18,2020,Dynamo Moscow,Russia,x,1152,706,572,1278,82,719
2005,1,1,Pittsburgh Penguins,Sidney Crosby\crosbsi01,CA,C,18,2020,Rimouski,QMJHL,x,984,462,801,1263,175,673
1993,1,2,Hartford Whalers,Chris Pronger\prongch01,CA,D,18,2012,Peterborough,OHL,x,1167,157,541,698,183,1590
1994,1,2,Anaheim Ducks,Oleg Tverdovsky\tverdol01,SU,D,18,2007,Krylja Sovetov,Russia,x,713,77,240,317,-21,291
1995,1,2,New York Islanders,Wade Redden\reddewa01,CA,D,18,2013,Brandon,WHL,x,1023,109,348,457,160,665
1996,1,2,San Jose Sharks,Andrei Zyuzin\zyuzian01,SU,D,18,2008,Salavat Yulayev Ufa,KHL,x,496,38,82,120,-40,446
1997,1,2,San Jose Sharks,Patrick Marleau\marlepa01,CA,C,18,2020,Seattle,WHL,x,1723,562,626,1188,-18,517
1998,1,2,Nashville Predators,David Legwand\legwada01,US,C,18,2016,Plymouth,OHL,x,1136,228,390,618,7,551
1999,1,2,Vancouver Canucks,Daniel Sedin\sedinda01,SE,LW,18,2018,MoDo Ornskoldsvik,Sweden,x,1306,393,648,1041,147,546
2000,1,2,Atlanta Thrashers,Dany Heatley\heatlda01,DE,LW,19,2015,Wisconsin,WCHA,x,869,372,419,791,38,620
2001,1,2,Ottawa Senators,Jason Spezza\spezzja01,CA,C,18,2020,Windsor,OHL,x,1123,341,599,940,5,572
2002,1,2,Atlanta Thrashers,Kari Lehtonen\lehtoka01,FI,G,18,2018,Jokerit Helsinki,KHL,x,649,0,28,28,0,42
2003,1,2,Carolina Hurricanes,Eric Staal\staaler01,CA,C,18,2020,Peterborough,OHL,x,1240,436,585,1021,-48,818
2004,1,2,Pittsburgh Penguins,Evgeni Malkin\malkiev01,SU,C,18,2020,Magnitogorsk,KHL,x,907,416,660,1076,73,960
2005,1,2,Anaheim Ducks,Bobby Ryan\ryanbo01,US,LW,18,2020,Owen Sound,OHL,x,833,254,301,555,2,443
1993,1,3,Tampa Bay Lightning,Chris Gratton\grattch01,CA,C,18,2009,Kingston,OHL,x,1092,214,354,568,-143,1638
1994,1,3,Ottawa Senators,Radek Bonk\bonkra01,CS,C,18,2009,Las Vegas,IHL,x,969,194,303,497,-22,581
1995,1,3,Los Angeles Kings,Aki Berg\bergak01,FI,D,18,2006,Kiekko-67 Turku FIN,Finland-Jr.,x,606,15,70,85,-12,374
1996,1,3,New York Islanders,J.P. Dumont\dumonjp01,CA,RW,18,2011,Val d'Or,QMJHL,x,822,214,309,523,-2,364
1997,1,3,Los Angeles Kings,Olli Jokinen\jokinol01,FI,C,18,2015,HIFK Helsinki,Finland,x,1231,321,429,750,-132,1071
1998,1,3,San Jose Sharks,Brad Stuart\stuarbr02,CA,D,18,2016,Regina,WHL,x,1056,80,255,335,8,565
1999,1,3,Vancouver Canucks,Henrik Sedin\sedinhe01,SE,C,18,2018,MoDo Ornskoldsvik,Sweden,x,1330,240,830,1070,165,680
2000,1,3,Minnesota Wild,Marian Gaborik\gaborma01,CS,RW,18,2018,Dukla Trencin,Slovakia,x,1035,407,408,815,95,492
2001,1,3,Tampa Bay Lightning,Alexander Svitov\svitoal01,SU,C,18,2007,Avangard Omsk,KHL,x,179,13,24,37,-22,223
2002,1,3,Florida Panthers,Jay Bouwmeester\bouwmja01,CA,D,18,2020,Medicine Hat,WHL,x,1240,88,336,424,-17,635
2003,1,3,Florida Panthers,Nathan Horton\hortona01,CA,RW,18,2014,Oshawa,OHL,x,627,203,218,421,54,567
2004,1,3,Chicago Blackhawks,Cam Barker\barkeca01,CA,D,18,2013,Medicine Hat,WHL,x,310,21,75,96,-29,290
2005,1,3,Carolina Hurricanes,Jack Johnson\johnsja02,US,D,18,2020,U.S. National U-18,USNTDP,x,937,70,232,302,-114,521
1993,1,4,Anaheim Ducks,Paul Kariya\kariypa01,CA,LW,18,2010,U. of Maine,H-East,x,989,402,587,989,31,399
1994,1,4,Edmonton Oilers,Jason Bonsignore\bonsija01,US,C,18,1999,Niagara Falls,OHL,x,79,3,13,16,-22,34
1995,1,4,Anaheim Ducks,Chad Kilger\kilgech01,CA,LW,18,2008,Kingston,OHL,x,714,107,111,218,-44,363
1996,1,4,Washington Capitals,Alexandre Volchkov\volchal01,SU,C,18,2000,Barrie,OHL,x,3,0,0,0,-2,0
1997,1,4,New York Islanders,Roberto Luongo\luongro01,CA,G,18,2019,Val d'Or,QMJHL,x,1044,0,23,23,0,46
1998,1,4,Vancouver Canucks,Bryan Allen\allenbr01,CA,D,18,2015,Oshawa,OHL,x,721,29,107,136,26,839
1999,1,4,New York Rangers,Pavel Brendl\brendpa01,CS,RW,18,2006,Calgary,WHL,x,78,11,11,22,1,16
2000,1,4,Columbus Blue Jackets,Rostislav Klesla\kleslro01,CS,D,18,2014,Brampton,OHL,x,659,48,111,159,-46,620
2001,1,4,Florida Panthers,Stephen Weiss\weissst01,CA,C,18,2015,Plymouth,OHL,x,732,156,267,423,-23,341
2002,1,4,Philadelphia Flyers,Joni Pitkanen\pitkajo01,FI,D,18,2013,Karpat Oulu,Finland,x,535,57,225,282,-8,484
2003,1,4,Columbus Blue Jackets,Nikolai Zherdev\zherdni01,SU,W,18,2011,CSKA Moscow,Russia,x,421,115,146,261,-41,225
2004,1,4,Carolina Hurricanes,Andrew Ladd\laddan01,CA,LW,18,2020,Calgary,WHL,x,950,249,289,538,40,568
2005,1,4,Minnesota Wild,Benoit Pouliot\poulibe01,CA,LW,18,2018,Sudbury,OHL,x,625,130,133,263,25,371
1993,1,5,Florida Panthers,Rob Niedermayer\niedero01,CA,C,18,2011,Medicine Hat,WHL,x,1153,186,283,469,-123,904
1994,1,5,Hartford Whalers,Jeff O'Neill\oneilje01,CA,RW,18,2007,Guelph,OHL,x,821,237,259,496,-115,670
1995,1,5,Tampa Bay Lightning,Daymond Langkow\langkda01,CA,C,18,2012,Tri-City,WHL,x,1090,270,402,672,81,547
1996,1,5,Dallas Stars,Ric Jackman\jackmri01,CA,D,18,2007,Sault Ste. Marie,OHL,x,231,19,58,77,-54,166
1997,1,5,New York Islanders,Eric Brewer\breweer01,CA,D,18,2015,Prince George,WHL,x,1009,77,194,271,-99,792
1998,1,5,Anaheim Ducks,Vitaly Vishnevski\vishnvi01,SU,D,18,2008,Torpedo Yaroslavl 2,Russia-2,x,552,16,52,68,-27,494
1999,1,5,New York Islanders,Tim Connolly\connoti01,US,C,18,2012,Erie,OHL,x,697,131,300,431,-55,300
2000,1,5,New York Islanders,Raffi Torres\torrera01,CA,LW,18,2014,Brampton,OHL,x,635,137,123,260,2,497
2001,1,5,Anaheim Ducks,Stanislav Chistov\chistst01,SU,LW,18,2007,Avangard Omsk,KHL,x,196,19,42,61,-20,116
2002,1,5,Pittsburgh Penguins,Ryan Whitney\whitnry01,US,D,19,2014,Boston University,H-East,x,481,50,209,259,-30,383
2003,1,5,Buffalo Sabres,Thomas Vanek\vanekth01,AT,LW,19,2019,Minnesota,WCHA,x,1029,373,416,789,5,547
2004,1,5,Phoenix Coyotes,Blake Wheeler\wheelbl01,US,RW,18,2020,Breck,High-MN,x,931,264,497,761,100,609
2005,1,5,Montreal Canadiens,Carey Price\priceca01,CA,G,18,2020,Tri-City,WHL,x,682,0,13,13,0,51
1993,1,6,San Jose Sharks,Viktor Kozlov\kozlovi01,SU,C,18,2009,Dynamo Moscow,Russia,x,897,198,339,537,-3,248
1994,1,6,Edmonton Oilers,Ryan Smyth\smythry01,CA,LW,18,2014,Moose Jaw,WHL,x,1270,386,456,842,-54,976
1995,1,6,Edmonton Oilers,Steve Kelly\kellyst01,CA,C,18,2008,Prince Albert,WHL,x,149,9,12,21,-36,83
1996,1,6,Edmonton Oilers,Boyd Devereaux\deverbo01,CA,C,18,2009,Kitchener,OHL,x,627,67,112,179,5,205
1997,1,6,Calgary Flames,Daniel Tkaczuk\tkaczda01,CA,C,18,2001,Barrie,OHL,x,19,4,7,11,1,14
1998,1,6,Calgary Flames,Rico Fata\fatari01,CA,RW,18,2007,London,OHL,x,230,27,36,63,-60,104
1999,1,6,Nashville Predators,Brian Finley\finlebr01,CA,G,18,2007,Barrie,OHL,x,4,0,0,0,0,0
2000,1,6,Nashville Predators,Scott Hartnell\hartnsc01,CA,LW,18,2018,Prince Albert,WHL,x,1249,327,380,707,66,1809
2001,1,6,Minnesota Wild,Mikko Koivu\koivumi01,FI,C,18,2020,TPS Turku,Finland,x,1028,205,504,709,70,592
2002,1,6,Nashville Predators,Scottie Upshall\upshasc01,CA,LW,18,2018,Kamloops,WHL,x,759,138,146,284,9,615
2003,1,6,San Jose Sharks,Milan Michalek\michami01,CS,RW,18,2017,Ceske Budejovice,Czech-2,x,747,208,238,446,13,394
2004,1,6,New York Rangers,Al Montoya\montoal01,US,G,19,2018,Michigan,CCHA,x,169,0,5,5,0,12
2005,1,6,Columbus Blue Jackets,Gilbert Brule\brulegi01,CA,C,18,2014,Vancouver,WCHL,x,299,43,52,95,-39,156
1993,1,7,Edmonton Oilers,Jason Arnott\arnotja01,CA,C,18,2012,Oshawa,OHL,x,1244,417,521,938,81,1242
1994,1,7,Los Angeles Kings,Jamie Storr\storrja01,CA,G,18,2004,Owen Sound,OHL,x,219,0,3,3,0,26
1995,1,7,Winnipeg Jets,Shane Doan\doansh01,CA,RW,18,2017,Kamloops,WHL,x,1540,402,570,972,-54,1353
1996,1,7,Buffalo Sabres,Erik Rasmussen\rasmuer01,US,LW,19,2007,Minnesota,WCHA,x,545,52,76,128,5,305
1997,1,7,Tampa Bay Lightning,Paul Mara\marapa01,US,D,18,2011,Sudbury,OHL,x,734,64,189,253,-110,776
1998,1,7,New York Rangers,Manny Malhotra\malhoma01,CA,C,18,2015,Guelph,OHL,x,991,116,179,295,-26,451
1999,1,7,Washington Capitals,Kris Beech\beechkr01,CA,C,18,2008,Calgary,WHL,x,198,25,42,67,-37,113
2000,1,7,Boston Bruins,Lars Jonsson\jonssla01,SE,D,18,2007,Leksand,Sweden,x,8,0,2,2,-4,6
2001,1,7,Montreal Canadiens,Mike Komisarek\komismi01,US,D,19,2014,Michigan,CCHA,x,551,14,67,81,-19,679
2002,1,7,Anaheim Ducks,Joffrey Lupul\lupuljo01,CA,LW,18,2016,Medicine Hat,WHL,x,701,205,215,420,-79,407
2003,1,7,Nashville Predators,Ryan Suter\suterry01,US,D,18,2020,USA U-18,USNTDP,x,1142,90,498,588,96,655
2004,1,7,Florida Panthers,Rostislav Olesz\oleszro01,CS,LW,18,2014,Vitkovice,Czech,x,365,57,77,134,-11,118
2005,1,7,Chicago Blackhawks,Jack Skille\skillja01,US,RW,18,2017,U.S. National U-18,USNTDP,x,368,43,41,84,-52,118
1993,1,8,New York Rangers,Niklas Sundstrom\sundsni01,SE,RW,18,2006,MoDo Ornskoldsvik,Sweden,x,750,117,232,349,45,256
1994,1,8,Tampa Bay Lightning,Jason Wiemer\wiemeja01,CA,C,18,2006,Portland,WHL,x,726,90,112,202,-81,1420
1995,1,8,Montreal Canadiens,Terry Ryan\ryante01,CA,LW,18,1999,Tri-City,WHL,x,8,0,0,0,0,36
1996,1,8,Boston Bruins,Johnathan Aitken\aitkejo01,CA,D,18,2004,Medicine Hat,WHL,x,44,0,1,1,-12,70
1997,1,8,Boston Bruins,Sergei Samsonov\samsose01,SU,LW,18,2011,Detroit,OHL,x,888,235,336,571,11,209
1998,1,8,Chicago Blackhawks,Mark Bell\bellma01,CA,C,18,2012,Ottawa,OHL,x,450,87,95,182,-45,602
1999,1,8,New York Islanders,Taylor Pyatt\pyattta01,CA,LW,18,2014,Sudbury,OHL,x,859,140,140,280,-14,430
2000,1,8,Tampa Bay Lightning,Nikita Alexeev\alexeni01,SU,RW,18,2007,Erie,OHL,x,159,20,17,37,-8,28
2001,1,8,Columbus Blue Jackets,Pascal Leclaire\leclapa01,CA,G,18,2011,Halifax,QMJHL,x,173,0,4,4,0,8
2002,1,8,Minnesota Wild,Pierre-Marc Bouchard\bouchpi02,CA,C,18,2014,Chicoutimi,QMJHL,x,593,110,246,356,6,190
2003,1,8,Atlanta Thrashers,Braydon Coburn\coburbr01,CA,D,18,2020,Portland,WHL,x,964,49,183,232,49,706
2004,1,8,Columbus Blue Jackets,Alexandre Picard\picaral02,CA,LW,18,2010,Lewiston,QMJHL,x,67,0,2,2,-9,58
2005,1,8,San Jose Sharks,Devin Setoguchi\setogde01,CA,RW,18,2017,Saskatoon,WHL,x,516,131,130,261,-11,177
1993,1,9,Dallas Stars,Todd Harvey\harveto01,CA,RW,18,2006,Detroit,OHL,x,671,91,132,223,19,950
1994,1,9,New York Islanders,Brett Lindros\lindrbr01,CA,RW,18,1996,Kingston,OHL,x,51,2,5,7,-14,147
1995,1,9,Boston Bruins,Kyle McLaren\mclarky01,CA,D,18,2008,Tacoma,WHL,x,719,46,161,207,27,671
1996,1,9,Anaheim Ducks,Ruslan Salei\saleiru01,SU,D,21,2011,Las Vegas,IHL,x,917,45,159,204,-25,1065
1997,1,9,Washington Capitals,Nick Boynton\boyntni01,CA,D,18,2011,Ottawa,OHL,x,605,34,110,144,19,862
1998,1,9,New York Islanders,Mike Rupp\ruppmi01,US,C,18,2014,Erie,OHL,x,610,54,45,99,-28,855
1999,1,9,New York Rangers,Jamie Lundmark\lundmja01,CA,C,18,2010,Moose Jaw,WHL,x,295,40,59,99,-29,204
2000,1,9,Calgary Flames,Brent Krahn\krahnbr01,CA,G,18,2009,Calgary,WHL,x,1,0,0,0,0,0
2001,1,9,Chicago Blackhawks,Tuomo Ruutu\ruututu01,FI,C,18,2016,Jokerit Helsinki,KHL,x,735,148,198,346,-70,596
2002,1,9,Florida Panthers,Petr Taticek\taticpe01,CS,C,18,2006,Sault Ste. Marie,OHL,x,3,0,0,0,0,0
2003,1,9,Calgary Flames,Dion Phaneuf\phanedi01,CA,D,18,2019,Red Deer,WHL,x,1048,137,357,494,-57,1345
2004,1,9,Anaheim Ducks,Ladislav Smid\smidla01,CS,D,18,2016,Liberec,Czech,x,583,12,60,72,-68,472
2005,1,9,Ottawa Senators,Brian Lee\leebr01,US,D,18,2013,Moorhead,High-MN,x,209,5,31,36,-37,124
1993,1,10,Quebec Nordiques,Jocelyn Thibault\thibajo01,CA,G,18,2008,Sherbrooke,QMJHL,x,586,0,6,6,0,18
1994,1,10,Washington Capitals,Nolan Baumgartner\baumgno01,CA,D,18,2010,Kamloops,WHL,x,143,7,40,47,11,69
1995,1,10,Florida Panthers,Radek Dvorak\dvorara01,CS,RW,18,2014,Ceske Budejovice,Czech-2,x,1260,227,363,590,-10,449
1996,1,10,New Jersey Devils,Lance Ward\wardla01,CA,D,18,2004,Red Deer,WHL,x,209,4,12,16,-30,391
1997,1,10,Vancouver Canucks,Brad Ference\ferenbr01,CA,D,18,2007,Spokane,WHL,x,250,4,30,34,-44,565
1998,1,10,Toronto Maple Leafs,Nik Antropov\antroni01,SU,C,18,2013,Torpedo Ust-Kamenogorsk,Russia-2,x,788,193,272,465,55,627
1999,1,10,New York Islanders,Branislav Mezei\mezeibr01,CS,D,18,2008,Belleville,OHL,x,240,5,19,24,-14,311
2000,1,10,Chicago Blackhawks,Mikhail Yakubov\yakubmi01,SU,C,18,2006,Lada Togliatti,KHL,x,53,2,10,12,-13,20
2001,1,10,New York Rangers,Dan Blackburn\blackda01,CA,G,18,2003,Kootenay,WHL,x,63,0,0,0,0,12
2002,1,10,Calgary Flames,Eric Nystrom\nystrer01,US,LW,19,2016,Michigan,CCHA,x,593,75,48,123,-73,401
2003,1,10,Montreal Canadiens,Andrei Kostitsyn\kostian01,SU,LW,18,2012,CSKA 2,KHL,x,398,103,119,222,15,181
2004,1,10,Atlanta Thrashers,Boris Valabik\valabbo01,CS,D,18,2010,Kitchener,OHL,x,80,0,7,7,-14,210
2005,1,10,Vancouver Canucks,Luc Bourdon\bourdlu01,CA,D,18,2008,Val d'Or,QMJHL,x,36,2,0,2,6,24
1993,1,11,Washington Capitals,Brendan Witt\wittbr01,CA,D,18,2010,Seattle,WHL,x,890,25,96,121,-91,1424
1994,1,11,San Jose Sharks,Jeff Friesen\friesje01,CA,LW,18,2007,Regina,WHL,x,893,218,298,516,-8,488
1995,1,11,Dallas Stars,Jarome Iginla\iginlja01,CA,RW,18,2017,Kamloops,WHL,x,1554,625,675,1300,30,1040
1996,1,11,Phoenix Coyotes,Dan Focht\fochtda01,CA,D,18,2004,Tri-City,WHL,x,82,2,6,8,-32,145
1997,1,11,Montreal Canadiens,Jason Ward\wardja01,CA,RW,18,2009,Erie,OHL,x,336,36,45,81,-29,171
1998,1,11,Carolina Hurricanes,Jeff Heerema\heereje01,CA,RW,18,2004,Sarnia,OHL,x,32,4,2,6,-7,6
1999,1,11,Calgary Flames,Oleg Saprykin\sapryol01,SU,LW,18,2007,Seattle,WHL,x,325,55,82,137,-7,240
2000,1,11,Chicago Blackhawks,Pavel Vorobiev\vorobpa01,SU,RW,18,2006,Torpedo Yaroslavl 2,Russia-2,x,57,10,15,25,-1,38
2001,1,11,Phoenix Coyotes,Fredrik Sjostrom\sjostfr01,SE,RW,18,2011,Vastra Frolunda,Sweden,x,489,46,58,104,-37,190
2002,1,11,Buffalo Sabres,Keith Ballard\ballake01,US,D,19,2015,Minnesota,WCHA,x,604,38,137,175,-13,612
2003,1,11,Philadelphia Flyers,Jeff Carter\carteje01,CA,C,18,2020,Sault Ste. Marie,OHL,x,1040,382,350,732,37,533
2004,1,11,Los Angeles Kings,Lauri Tukonen\tukonla01,FI,RW,18,2008,Blues Espoo,Finland,x,5,0,0,0,-2,0
2005,1,11,Los Angeles Kings,Anze Kopitar\kopitan01,SI,C,18,2020,Sodertalje Jr.,Sweden-Jr.,x,1073,333,617,950,76,294
1993,1,12,Toronto Maple Leafs,Kenny Jonsson\jonsske01,SE,D,18,2004,Rogle Angelholm,Sweden,x,686,63,204,267,-16,298
1994,1,12,Quebec Nordiques,Wade Belak\belakwa01,CA,RW,18,2011,Saskatoon,WHL,x,549,8,25,33,-38,1263
1995,1,12,San Jose Sharks,Teemu Riihijarvi,FI,,,,Kiekko-Espoo,Finland,,,,,,,
1996,1,12,Vancouver Canucks,Josh Holden\holdejo01,CA,C,18,2004,Regina,WHL,x,60,5,9,14,-10,16
1997,1,12,Ottawa Senators,Marian Hossa\hossama01,CS,RW,18,2017,Dukla Trencin,Slovakia,x,1309,525,609,1134,245,628
1998,1,12,Colorado Avalanche,Alex Tanguay\tangual01,CA,LW,18,2016,Halifax,QMJHL,x,1088,283,580,863,163,527
1999,1,12,Florida Panthers,Denis Shvidki\shvidde01,SU,RW,18,2004,Barrie,OHL,x,76,11,14,25,-5,30
2000,1,12,Anaheim Ducks,Alexei Smirnov\smirnal01,SU,LW,18,2004,Tver,Russia-2,x,52,3,3,6,-1,20
2001,1,12,Nashville Predators,Dan Hamhuis\hamhuda01,CA,D,18,2020,Prince George,WHL,x,1148,59,297,356,72,684
2002,1,12,Washington Capitals,Steve Eminger\emingst01,CA,D,18,2013,Kitchener,OHL,x,488,19,80,99,-42,359
2003,1,12,New York Rangers,Hugh Jessiman\jessihu01,US,RW,19,2011,Dartmouth,ECAC,x,2,0,0,0,-1,5
2004,1,12,Minnesota Wild,A.J. Thelen,US,D,18,,Michigan State,CCHA,,,,,,,
2005,1,12,New York Rangers,Marc Staal\staalma01,CA,D,18,2020,Sudbury,OHL,x,892,43,145,188,46,432
1993,1,13,New Jersey Devils,Denis Pederson\pederde01,CA,C,18,2003,Prince Albert,WHL,x,435,57,71,128,-18,398
1994,1,13,Vancouver Canucks,Mattias Ohlund\ohlunma01,SE,D,18,2011,Pitea,Sweden,x,909,93,250,343,-6,885
1995,1,13,Hartford Whalers,Jean-Sebastien Giguere\gigueje01,CA,G,18,2014,Halifax,QMJHL,x,597,0,7,7,0,98
1996,1,13,Calgary Flames,Derek Morris\morride01,CA,D,18,2014,Regina,WHL,x,1107,92,332,424,-44,1004
1997,1,13,Chicago Blackhawks,Dan Cleary\clearda01,CA,RW,18,2015,Belleville,OHL,x,938,165,222,387,6,492
1998,1,13,Edmonton Oilers,Michael Henrich,CA,,,,Barrie,OHL,,,,,,,
1999,1,13,Edmonton Oilers,Jani Rita\ritaja01,FI,LW,18,2006,Jokerit Helsinki,KHL,x,66,9,5,14,-4,10
2000,1,13,Montreal Canadiens,Ron Hainsey\hainsro01,US,D,19,2020,U. Mass-Lowell,H-East,x,1132,59,252,311,-21,443
2001,1,13,Edmonton Oilers,Ales Hemsky\hemskal01,CS,RW,18,2018,Hull,QMJHL,x,845,174,398,572,-53,353
2002,1,13,Washington Capitals,Alexander Semin\seminal01,SU,LW,18,2016,Chelyabinsk,Russia-2,x,650,239,278,517,71,582
2003,1,13,Los Angeles Kings,Dustin Brown\browndu01,US,RW,18,2020,Guelph,OHL,x,1183,299,354,653,-30,700
2004,1,13,Buffalo Sabres,Drew Stafford\staffdr01,US,RW,18,2019,North Dakota,WCHA,x,841,196,232,428,-58,415
2005,1,13,Buffalo Sabres,Marek Zagrapan,SK,C,18,,Chicoutimi,QMJHL,,,,,,,
1993,1,14,Quebec Nordiques,Adam Deadmarsh\deadmad01,CA,RW,18,2003,Portland,WHL,x,567,184,189,373,43,819
1994,1,14,Chicago Blackhawks,Ethan Moreau\moreaet01,CA,LW,18,2012,Niagara Falls,OHL,x,928,147,140,287,-15,1110
1995,1,14,Buffalo Sabres,Jay McKee\mckeeja01,CA,D,18,2010,Niagara Falls,OHL,x,802,21,104,125,55,622
1996,1,14,St. Louis Blues,Marty Reasoner\reasoma01,US,C,19,2013,Boston College,H-East,x,798,97,169,266,-34,379
1997,1,14,Edmonton Oilers,Michel Riesen\riesemi01,CH,RW,18,2001,Biel-Bienne,Swiss,x,12,0,1,1,2,4
1998,1,14,Phoenix Coyotes,Patrick DesRochers\desropa01,CA,G,18,2003,Sarnia,OHL,x,11,0,0,0,0,2
1999,1,14,San Jose Sharks,Jeff Jillson\jillsje01,US,D,19,2006,Michigan,CCHA,x,140,9,32,41,-9,96
2000,1,14,Colorado Avalanche,Vaclav Nedorost\nedorva01,CS,C,18,2004,Ceske Budejovice,Czech-2,x,99,10,10,20,-2,34
2001,1,14,Calgary Flames,Chuck Kobasew\kobasch01,CA,RW,19,2014,Boston College,H-East,x,601,110,100,210,-33,394
2002,1,14,Montreal Canadiens,Chris Higgins\higgich01,US,LW,19,2016,Yale,ECAC,x,711,165,168,333,-30,220
2003,1,14,Chicago Blackhawks,Brent Seabrook\seabrbr01,CA,D,18,2020,Lethbridge,WHL,x,1114,103,361,464,111,661
2004,1,14,Edmonton Oilers,Devan Dubnyk\dubnyde01,CA,G,18,2020,Kamloops,WHL,x,520,0,8,8,0,44
2005,1,14,Washington Capitals,Sasha Pokulok,CA,D,19,,Cornell,ECAC,,,,,,,
1993,1,15,Winnipeg Jets,Mats Lindgren\lindgma01,SE,C,18,2003,Skelleftea,Sweden,x,387,54,74,128,1,146
1994,1,15,Washington Capitals,Alexander Kharlamov,RU,,,,CSKA Moscow,Russia,,,,,,,
1995,1,15,Toronto Maple Leafs,Jeff Ware\wareje01,CA,D,18,1999,Oshawa,OHL,x,21,0,1,1,-3,12
1996,1,15,Philadelphia Flyers,Dainius Zubrus\zubruda01,SU,RW,18,2016,Pembroke,CCHL,x,1293,228,363,591,1,791
1997,1,15,Los Angeles Kings,Matt Zultek,CA,,,,Ottawa,OHL,,,,,,,
1998,1,15,Ottawa Senators,Mathieu Chouinard\chouima02,CA,G,18,2004,Shawinigan,QMJHL,x,1,0,0,0,0,0
1999,1,15,Phoenix Coyotes,Scott Kelman,CA,,,,Seattle,WHL,,,,,,,
2000,1,15,Buffalo Sabres,Artem Kryukov,RU,,,,Torpedo Yaroslavl 2,Russia-2,,,,,,,
2001,1,15,Carolina Hurricanes,Igor Knyazev,RU,D,18,,Spartak Moscow,KHL,,,,,,,
2002,1,15,Edmonton Oilers,Jesse Niinimaki,FI,C,19,,Ilves Tampere,Finland,,,,,,,
2003,1,15,New York Islanders,Robert Nilsson\nilssro01,CA,C,18,2010,Leksand,Sweden,x,252,37,81,118,-15,90
2004,1,15,Nashville Predators,Alexander Radulov\radulal01,SU,RW,18,2020,Tver,Russia-2,x,442,136,198,334,73,308
2005,1,15,New York Islanders,Ryan O'Marra\omarrry01,JP,C,18,2012,Erie,OHL,x,33,1,6,7,-3,17
