Year,Round,Overall,Team,Player,Nat.,Pos,Age,To,Amateur Team,Amateur Lg.,NHL,GP,G,A,PTS,+/-,PIM
2006,1,16,San Jose Sharks,Ty Wishart\wishaty01,CA,D,18,2012,Prince George,WHL,x,26,1,5,6,5,10
2007,1,16,Minnesota Wild,Colton Gillies\gillico01,CA,LW,18,2013,Saskatoon,WHL,x,154,6,12,18,-12,72
2008,1,16,Boston Bruins,Joe Colborne\colbojo01,CA,C,18,2017,Camrose,AJHL,x,295,42,72,114,-38,144
2009,1,16,Minnesota Wild,Nick Leddy\leddyni01,US,D,18,2020,Eden Prairie,High-MN,x,720,63,242,305,-27,137
2010,1,16,St. Louis Blues,Vladimir Tarasenko\tarasvl01,RU,RW,18,2020,Novosibirsk,Russia,x,507,214,214,428,75,145
2006,1,17,Los Angeles Kings,Trevor Lewis\lewistr01,US,C,19,2020,Des Moines,USHL,x,674,70,93,163,-43,171
2007,1,17,New York Rangers,Alexei Cherepanov,RU,RW,18,,Avangard Omsk,,,,,,,,
2008,1,17,Anaheim Ducks,Jake Gardiner\gardija01,US,D,18,2020,Minnetonka,High-MN,x,619,49,220,269,-15,215
2009,1,17,St. Louis Blues,David Rundblad\rundbda01,SE,D,18,2016,Skelleftea,Sweden,x,113,4,21,25,-6,30
2010,1,17,Colorado Avalanche,Joey Hishon\hishojo01,CA,C,18,2015,Owen Sound,OHL,x,13,1,1,2,-1,0
2006,1,18,Colorado Avalanche,Chris Stewart\stewach02,CA,RW,18,2020,Kingston,OHL,x,668,160,162,322,-52,750
2007,1,18,St. Louis Blues,Ian Cole\coleia01,US,D,18,2020,U.S. National U-18,USNTDP,x,541,26,112,138,95,507
2008,1,18,Nashville Predators,Chet Pickard,CA,G,18,,Tri-City,WHL,,,,,,,
2009,1,18,Montreal Canadiens,Louis Leblanc\leblalo01,CA,C,18,2014,Omaha,USHL,x,50,5,5,10,4,32
2010,1,18,Nashville Predators,Austin Watson\watsoau01,US,LW,18,2020,Peterborough,OHL,x,306,36,41,77,12,358
2006,1,19,Anaheim Ducks,Mark Mitera,US,D,18,,Michigan,CCHA,,,,,,,
2007,1,19,Anaheim Ducks,Logan MacMillan,CA,C,18,,Halifax,QMJHL,,,,,,,
2008,1,19,Philadelphia Flyers,Luca Sbisa\sbisalu01,IT,D,18,2020,Lethbridge,WHL,x,548,20,93,113,-18,385
2009,1,19,New York Rangers,Chris Kreider\kreidch01,US,LW,18,2020,Andover,High-MA,x,523,157,159,316,68,441
2010,1,19,Florida Panthers,Nick Bjugstad\bjugsni01,US,C,18,2020,Blaine,High-MN,x,439,97,110,207,-42,198
2006,1,20,Montreal Canadiens,David Fischer,US,D,18,,Apple Valley,High-MN,,,,,,,
2007,1,20,Pittsburgh Penguins,Angelo Esposito,CA,C,18,,Quebec,QMJHL,,,,,,,
2008,1,20,New York Rangers,Michael Del Zotto\delzomi01,CA,D,18,2020,Oshawa,OHL,x,657,56,180,236,-31,272
2009,1,20,New Jersey Devils,Jacob Josefson\josefja01,SE,C,18,2018,Djurgarden,Sweden,x,315,20,44,64,-21,84
2010,1,20,Pittsburgh Penguins,Beau Bennett\bennebe01,US,RW,18,2018,Penticton,BCHL,x,200,24,40,64,-2,52
2006,1,21,New York Rangers,Bobby Sanguinetti\sangubo01,US,D,18,2013,Owen Sound,OHL,x,45,2,4,6,-6,8
2007,1,21,Edmonton Oilers,Riley Nash\nashri02,CA,C,18,2020,Salmon Arm,BCHL,x,541,61,104,165,-5,130
2008,1,21,Washington Capitals,Anton Gustafsson,SE,C,18,,Vastra Frolunda Jr.,,,,,,,,
2009,1,21,Columbus Blue Jackets,John Moore\moorejo01,US,D,18,2020,Chicago Steel,USHL,x,532,38,77,115,-34,221
2010,1,21,Detroit Red Wings,Riley Sheahan\sheahri01,CA,C,18,2020,Notre Dame,CCHA,x,513,66,98,164,-50,83
2006,1,22,Philadelphia Flyers,Claude Giroux\giroucl01,CA,C,18,2020,Gatineau,QMJHL,x,889,257,558,815,43,380
2007,1,22,Montreal Canadiens,Max Pacioretty\pacioma01,US,LW,18,2020,Sioux City,USHL,x,763,280,274,554,41,419
2008,1,22,Edmonton Oilers,Jordan Eberle\eberljo01,CA,RW,18,2020,Regina,WHL,x,724,225,293,518,-48,170
2009,1,22,Vancouver Canucks,Jordan Schroeder\schrojo01,US,C,18,2018,Minnesota,WCHA,x,165,18,24,42,5,14
2010,1,22,Montreal Canadiens,Jarred Tinordi\tinorja01,US,D,18,2020,USA U-18,USHL,x,81,1,10,11,-8,112
2006,1,23,Washington Capitals,Semyon Varlamov\varlasi01,SU,G,18,2020,Lokomotiv Yaroslavl 2,Russia-3,x,493,0,7,7,0,22
2007,1,23,Nashville Predators,Jonathon Blum\blumjo02,US,D,18,2015,Vancouver,WCHL,x,110,7,17,24,-11,22
2008,1,23,Minnesota Wild,Tyler Cuma\cumaty01,CA,D,18,2012,Ottawa,OHL,x,1,0,0,0,0,2
2009,1,23,Calgary Flames,Tim Erixon\erixoti01,US,D,18,2015,Skelleftea,Sweden,x,93,2,12,14,-3,38
2010,1,23,Buffalo Sabres,Mark Pysyk\pysykma01,CA,D,18,2020,Edmonton,WHL,x,417,22,66,88,-20,126
2006,1,24,Buffalo Sabres,Dennis Persson,SE,D,18,,Vasteras,Sweden-2,,,,,,,
2007,1,24,Calgary Flames,Mikael Backlund\backlmi01,SE,C,18,2020,Vasteras,Sweden-2,x,690,145,220,365,33,335
2008,1,24,New Jersey Devils,Mattias Tedenby\tedenma01,SE,LW,18,2014,HV 71 Jonkoping,,x,120,10,20,30,-20,42
2009,1,24,Washington Capitals,Marcus Johansson\johanma03,SE,C,18,2020,Farjestad,,x,648,129,235,364,-17,104
2010,1,24,Chicago Blackhawks,Kevin Hayes\hayeske01,US,RW,18,2020,Nobles,High-MA,x,450,115,155,270,22,134
2006,1,25,St. Louis Blues,Patrik Berglund\berglpa01,SE,C,18,2019,Vasteras,Sweden-2,x,717,170,156,326,5,248
2007,1,25,Vancouver Canucks,Patrick White,US,C,18,,Tri-City,USHL,,,,,,,
2008,1,25,Calgary Flames,Greg Nemisz\nemisgr01,CA,RW,18,2012,Windsor,OHL,x,15,0,1,1,0,0
2009,1,25,Boston Bruins,Jordan Caron\caronjo01,CA,RW,18,2016,Rimouski,QMJHL,x,157,12,16,28,-9,78
2010,1,25,Florida Panthers,Quinton Howden\howdequ01,CA,C,18,2017,Moose Jaw,WHL,x,97,10,7,17,-11,30
2006,1,26,Calgary Flames,Leland Irving\irvinle01,CA,G,18,2013,Everett,WHL,x,13,0,1,1,0,0
2007,1,26,St. Louis Blues,David Perron\perroda01,CA,LW,19,2020,Lewiston,QMJHL,x,850,223,327,550,7,648
2008,1,26,Buffalo Sabres,Tyler Ennis\ennisty01,CA,C,18,2020,Medicine Hat,WHL,x,613,133,180,313,-78,202
2009,1,26,Anaheim Ducks,Kyle Palmieri\palmiky01,US,RW,18,2020,U.S. National U-18,USNTDP,x,561,175,163,338,2,288
2010,1,26,Washington Capitals,Evgeny Kuznetsov\kuzneev01,RU,C,18,2020,Chelyabinsk,Russia,x,479,120,269,389,61,246
2006,1,27,Dallas Stars,Ivan Vishnevskiy\vishniv01,SU,D,18,2010,Rouyn-Noranda,QMJHL,x,5,0,2,2,-1,2
2007,1,27,Detroit Red Wings,Brendan Smith\smithbr05,CA,D,18,2020,St. Michael's,OJHL,x,478,24,76,100,-15,521
2008,1,27,Washington Capitals,John Carlson\carlsjo01,US,D,18,2020,Indiana,USHL,x,757,105,373,478,92,258
2009,1,27,Carolina Hurricanes,Philippe Paradis,CA,C,18,,Shawinigan,QMJHL,,,,,,,
2010,1,27,Phoenix Coyotes,Mark Visentin\visenma01,CA,G,18,2014,Niagara,OHL,x,1,0,0,0,,0
2006,1,28,Ottawa Senators,Nick Foligno\foligni01,US,LW,18,2020,Sudbury,OHL,x,908,196,270,466,-2,737
2007,1,28,San Jose Sharks,Nicholas Petrecki\petreni01,US,D,18,2013,Omaha,USHL,x,1,0,0,0,0,0
2008,1,28,Phoenix Coyotes,Viktor Tikhonov\tikhovi01,SU,RW,20,2016,Cherepovets,Russia,x,111,11,11,22,-13,40
2009,1,28,Chicago Blackhawks,Dylan Olsen\olsendy01,US,D,18,2016,Camrose,AJHL,x,124,5,17,22,-16,36
2010,1,28,San Jose Sharks,Charlie Coyle\coylech01,US,C,18,2020,South Shore,EJHL,x,570,109,176,285,39,211
2006,1,29,Phoenix Coyotes,Chris Summers\summech01,US,D,18,2016,U.S. National U-18,USNTDP,x,70,2,7,9,-24,51
2007,1,29,Ottawa Senators,Jim O'Brien\obrieji01,US,C,18,2018,Minnesota,WCHA,x,77,8,5,13,-4,16
2008,1,29,Atlanta Thrashers,Daultan Leveille,CA,C,18,,St. Catharines,GOJHL,,,,,,,
2009,1,29,Tampa Bay Lightning,Carter Ashton\ashtoca01,CA,RW,18,2015,Lethbridge,WHL,x,54,0,3,3,-12,32
2010,1,29,Anaheim Ducks,Emerson Etem\etemem01,US,RW,18,2017,Medicine Hat,WHL,x,173,22,24,46,-7,30
2006,1,30,New Jersey Devils,Matthew Corrente\correma01,CA,D,18,2011,Saginaw,OHL,x,34,0,6,6,-5,68
2007,1,30,Phoenix Coyotes,Nick Ross,CA,D,18,,Regina,WHL,,,,,,,
2008,1,30,Detroit Red Wings,Thomas McCollum\mccolth01,US,G,18,2015,Guelph,OHL,x,3,0,0,0,0,0
2009,1,30,Pittsburgh Penguins,Simon Despres\desprsi01,CA,D,18,2017,Saint John,QMJHL,x,193,6,37,43,31,150
2010,1,30,New York Islanders,Brock Nelson\nelsobr01,US,C,18,2020,Warroad,High-MN,x,548,150,145,295,9,205
2006,2,31,St. Louis Blues,Tomas Kana\kanato01,CS,C,18,2010,Vitkovice,,x,6,0,2,2,2,2
2007,2,31,Buffalo Sabres,T.J. Brennan\brenntj01,US,D,18,2016,St. John's,QMJHL,x,53,5,8,13,-22,29
2008,2,31,Florida Panthers,Jacob Markstrom\marksja02,SE,G,18,2020,Brynas Gavle,Sweden,x,272,0,9,9,0,16
2009,2,31,New York Islanders,Mikko Koskinen\koskimi01,FI,G,21,2020,Blues Espoo,Finland,x,97,0,2,2,0,2
2010,2,31,Edmonton Oilers,Tyler Pitlick\pitlity01,US,C,18,2020,Minnesota State,WCHA,x,248,41,32,73,13,62
2006,2,32,Pittsburgh Penguins,Carl Sneep\sneepca01,US,D,18,2012,Brainerd,High-MN,x,1,0,1,1,1,0
2007,2,32,Phoenix Coyotes,Brett Maclean\maclebr02,CA,LW,18,2012,Oshawa,OHL,x,18,2,3,5,1,4
2008,2,32,Los Angeles Kings,Slava Voynov\voynovi01,RU,D,18,2015,Chelyabinsk,,x,190,18,63,81,23,72
2009,2,32,Detroit Red Wings,Landon Ferraro\ferrala01,CA,C,18,2018,Red Deer,WHL,x,77,7,5,12,-9,29
2010,2,32,Boston Bruins,Jared Knight,US,C,18,,London,OHL,,,,,,,
2006,2,33,Chicago Blackhawks,Igor Makarov,RU,RW,18,,Krylja Sovetov,,,,,,,,
2007,2,33,Vancouver Canucks,Taylor Ellington,CA,D,18,,Everett,WHL,,,,,,,
2008,2,33,St. Louis Blues,Philip McRae\mcraeph01,US,C,18,2011,London,OHL,x,15,1,2,3,-10,2
2009,2,33,Colorado Avalanche,Ryan O'Reilly\oreilry01,CA,C,18,2020,Erie,OHL,x,804,195,365,560,-20,106
2010,2,33,Florida Panthers,John McFarland\mcfarjo01,CA,LW,18,2016,Sudbury,OHL,x,3,0,0,0,-1,0
2006,2,34,Washington Capitals,Michal Neuvirth\neuvimi01,CS,G,18,2019,Sparta Praha Jr.,,x,257,0,4,4,0,6
2007,2,34,Washington Capitals,Josh Godfrey,CA,D,19,,Sault Ste. Marie,OHL,,,,,,,
2008,2,34,St. Louis Blues,Jake Allen\allenja01,CA,G,18,2020,St. John's,QMJHL,x,289,0,4,4,0,6
2009,2,34,Atlanta Thrashers,Carl Klingberg\klingca01,SE,LW,18,2015,Vastra Frolunda Jr.,,x,12,1,0,1,0,4
2010,2,34,Columbus Blue Jackets,Dalton Smith\smithda03,CA,LW,18,2020,Ottawa,OHL,x,1,0,0,0,1,2
2006,2,35,Washington Capitals,Francois Bouchard,CA,RW,18,,Baie-Comeau,QMJHL,,,,,,,
2007,2,35,Boston Bruins,Tommy Cross\crossto01,US,D,18,2016,Westminster,High-CT,x,3,0,1,1,-1,0
2008,2,35,Anaheim Ducks,Nicolas Deschamps\deschni01,CA,C,18,2014,Chicoutimi,QMJHL,x,3,0,0,0,-1,0
2009,2,35,Los Angeles Kings,Kyle Clifford\cliffky01,CA,LW,18,2020,Barrie,OHL,x,676,61,71,132,-13,842
2010,2,35,Chicago Blackhawks,Ludvig Rensfeldt,SE,LW,18,,Brynas Jr.,Sweden-Jr.,,,,,,,
2006,2,36,San Jose Sharks,Jamie McGinn\mcginja01,CA,LW,18,2019,Ottawa,OHL,x,617,117,103,220,-83,267
2007,2,36,Phoenix Coyotes,Joel Gistedt,SE,G,19,,Vastra Frolunda,Sweden,,,,,,,
2008,2,36,New York Islanders,Corey Trivino,CA,C,18,,Stouffville,OPJHL,,,,,,,
2009,2,36,Phoenix Coyotes,Chris Brown\brownch01,US,C,18,2016,U.S. National U-18,USNTDP,x,23,2,1,3,1,21
2010,2,36,Florida Panthers,Alex Petrovic\petroal01,CA,D,18,2019,Red Deer,WHL,x,263,5,45,50,-10,360
2006,2,37,Boston Bruins,Yury Alexandrov,SU,D,18,,Cherepovets,,,,,,,,
2007,2,37,Columbus Blue Jackets,Stefan Legein,CA,RW,18,,Mississauga,OHL,,,,,,,
2008,2,37,Columbus Blue Jackets,Cody Goloubef\golouco01,CA,D,18,2020,Wisconsin,WCHA,x,160,3,22,25,-7,76
2009,2,37,Anaheim Ducks,Mat Clark\clarkma01,US,D,18,2015,Brampton,OHL,x,9,0,1,1,0,6
2010,2,37,Carolina Hurricanes,Justin Faulk\faulkju01,US,D,18,2020,USA U-18,USHL,x,628,90,184,274,-103,297
2006,2,38,Anaheim Ducks,Bryce Swan,CA,C,18,,Halifax,QMJHL,,,,,,,
2007,2,38,Chicago Blackhawks,Bill Sweatt\sweatbi01,US,LW,18,2013,Colorado College,,x,3,0,0,0,-1,0
2008,2,38,Nashville Predators,Roman Josi\josiro01,CH,D,18,2020,Bern,Swiss,x,632,109,304,413,66,234
2009,2,38,Dallas Stars,Alex Chiasson\chiasal01,CA,RW,18,2020,Des Moines,USHL,x,519,92,94,186,-30,296
2010,2,38,New Jersey Devils,Jon Merrill\merrijo01,US,D,18,2020,USA U-18,USHL,x,356,12,49,61,-9,195
2006,2,39,Philadelphia Flyers,Andreas Nodl\nodlan01,AT,RW,19,2013,Sioux Falls,USHL,x,183,15,21,36,-9,28
2007,2,39,St. Louis Blues,Simon Hjalmarsson,SE,RW,18,,Vastra Frolunda Jr.,,,,,,,,
2008,2,39,Anaheim Ducks,Eric O'Dell\odeller01,CA,C,18,2015,Sudbury,OHL,x,41,3,5,8,-2,29
2009,2,39,Ottawa Senators,Jakob Silfverberg\silfvja01,SE,LW,18,2020,Brynas Gavle,Sweden,x,558,138,153,291,41,160
2010,2,39,Minnesota Wild,Brett Bulmer\bulmebr01,CA,RW,18,2016,Kelowna,WHL,x,17,0,3,3,-2,15
2006,2,40,Minnesota Wild,Ondrej Fiala,CZ,C,18,,Everett,WHL,,,,,,,
2007,2,40,Florida Panthers,Michal Repik\repikmi01,CS,RW,18,2012,Vancouver,WCHL,x,72,9,11,20,-7,36
2008,2,40,New York Islanders,Aaron Ness\nessaa01,US,D,18,2020,Roseau,High-MN,x,71,1,6,7,-7,22
2009,2,40,Edmonton Oilers,Anton Lander\landean01,SE,C,18,2017,Timra,,x,215,10,25,35,-41,56
2010,2,40,New York Rangers,Christian Thomas\thomach01,CA,RW,18,2016,Oshawa,OHL,x,27,1,2,3,-2,9
2006,2,41,Detroit Red Wings,Cory Emmerton\emmerco01,CA,C,18,2014,Kingston,OHL,x,139,12,9,21,-1,22
2007,2,41,Philadelphia Flyers,Kevin Marshall\marshke01,CA,D,18,2012,Lewiston,QMJHL,x,10,0,0,0,-1,8
2008,2,41,Vancouver Canucks,Yann Sauve\sauveya01,CA,D,18,2014,Saint John,QMJHL,x,8,0,0,0,-4,0
2009,2,41,Nashville Predators,Zach Budish,US,RW,18,,Edina,High-MN,,,,,,,
2010,2,41,Dallas Stars,Patrik Nemeth\nemetpa01,SE,D,18,2020,AIK,Sweden-2,x,314,5,43,48,14,162
2006,2,42,Philadelphia Flyers,Mike Ratchuk,US,D,18,,U.S. National U-18,USNTDP,,,,,,,
2007,2,42,Anaheim Ducks,Eric Tangradi\tangrer01,US,C,18,2019,Belleville,OHL,x,150,5,11,16,-22,86
2008,2,42,Ottawa Senators,Patrick Wiercioch\wiercpa01,CA,D,18,2017,Omaha,USHL,x,268,16,58,74,-5,138
2009,2,42,Nashville Predators,Charles-Olivier Roussel,CA,D,18,,Shawinigan,QMJHL,,,,,,,
2010,2,42,Anaheim Ducks,Devante Smith-Pelly\smithde06,CA,RW,18,2019,Mississauga,OHL,x,395,44,57,101,-41,137
2006,2,43,Atlanta Thrashers,Riley Holzapfel,CA,C,18,,Moose Jaw,WHL,,,,,,,
2007,2,43,Montreal Canadiens,P.K. Subban\subbapk01,CA,D,18,2020,Belleville,OHL,x,713,105,321,426,29,797
2008,2,43,Anaheim Ducks,Justin Schultz\schulju01,CA,D,18,2020,Westside,BCHL,x,482,50,164,214,-35,110
2009,2,43,San Jose Sharks,William Wrenn,US,D,18,,U.S. National U-18,USNTDP,,,,,,,
2010,2,43,Toronto Maple Leafs,Brad Ross,CA,LW,18,,Portland,WHL,,,,,,,
2006,2,44,Toronto Maple Leafs,Nikolai Kulemin\kulemni01,SU,LW,20,2018,Magnitogorsk,Russia,x,669,121,153,274,15,173
2007,2,44,St. Louis Blues,Aaron Palushaj\palusaa01,US,RW,18,2014,Des Moines,USHL,x,68,3,11,14,-1,18
2008,2,44,Buffalo Sabres,Luke Adam\adamlu01,CA,C,18,2015,St. John's,QMJHL,x,90,15,11,26,-11,36
2009,2,44,Florida Panthers,Drew Shore\shoredr01,US,C,18,2017,U.S. National U-18,USNTDP,x,94,9,17,26,-19,28
2010,2,44,St. Louis Blues,Sebastian Wannstrom,SE,RW,19,,Brynas,Sweden,,,,,,,
2006,2,45,Edmonton Oilers,Jeff Petry\petryje01,US,D,18,2020,Des Moines,USHL,x,680,69,184,253,-116,269
2007,2,45,Colorado Avalanche,Colby Cohen\cohenco01,US,D,18,2011,Lincoln,USHL,x,3,0,0,0,-1,4
2008,2,45,Carolina Hurricanes,Zac Dalpe\dalpeza01,CA,RW,18,2019,Penticton,BCHL,x,141,12,13,25,-30,36
2009,2,45,Atlanta Thrashers,Jeremy Morin\morinje01,US,LW,18,2015,U.S. National U-18,USNTDP,x,82,10,12,22,8,69
2010,2,45,Boston Bruins,Ryan Spooner\spoonry01,CA,C,18,2019,Peterborough,OHL,x,325,48,119,167,-21,63
